number_of_tag_barcode,number_of_pcr_index,input_cell_number,sort_cell_number,collision_rate,total_nuclei,recovered_barcode,cluster_per_nucleus
384,8,200000,1,0.0,8,8,50000000
384,16,200000,1,0.0,16,16,25000000
384,24,200000,1,0.0,24,24,16666667
384,32,200000,1,0.0,32,32,12500000
384,40,200000,1,0.0,40,40,10000000
384,48,200000,1,0.0,48,48,8333333
384,56,200000,1,0.0,56,56,7142857
384,64,200000,1,0.0,64,64,6250000
384,72,200000,1,0.0,72,72,5555556
384,80,200000,1,0.0,80,80,5000000
384,88,200000,1,0.0,88,88,4545455
384,96,200000,1,0.0,96,96,4166667
384,104,200000,1,0.0,104,104,3846154
384,112,200000,1,0.0,112,112,3571429
384,120,200000,1,0.0,120,120,3333333
384,128,200000,1,0.0,128,128,3125000
384,136,200000,1,0.0,136,136,2941176
384,144,200000,1,0.0,144,144,2777778
384,152,200000,1,0.0,152,152,2631579
384,160,200000,1,0.0,160,160,2500000
384,168,200000,1,0.0,168,168,2380952
384,176,200000,1,0.0,176,176,2272727
384,184,200000,1,0.0,184,184,2173913
384,192,200000,1,0.0,192,192,2083333
384,200,200000,1,0.0,200,200,2000000
384,208,200000,1,0.0,208,208,1923077
384,216,200000,1,0.0,216,216,1851852
384,224,200000,1,0.0,224,224,1785714
384,232,200000,1,0.0,232,232,1724138
384,240,200000,1,0.0,240,240,1666667
384,248,200000,1,0.0,248,248,1612903
384,256,200000,1,0.0,256,256,1562500
384,264,200000,1,0.0,264,264,1515152
384,272,200000,1,0.0,272,272,1470588
384,280,200000,1,0.0,280,280,1428571
384,288,200000,1,0.0,288,288,1388889
384,296,200000,1,0.0,296,296,1351351
384,304,200000,1,0.0,304,304,1315789
384,312,200000,1,0.0,312,312,1282051
384,320,200000,1,0.0,320,320,1250000
384,328,200000,1,0.0,328,328,1219512
384,336,200000,1,0.0,336,336,1190476
384,344,200000,1,0.0,344,344,1162791
384,352,200000,1,0.0,352,352,1136364
384,360,200000,1,0.0,360,360,1111111
384,368,200000,1,0.0,368,368,1086957
384,376,200000,1,0.0,376,376,1063830
384,8,200000,3,0.0,24,24,16666667
384,16,200000,3,0.0,48,48,8333333
384,24,200000,3,0.0,72,72,5555556
384,32,200000,3,0.020833333333333332,96,95,4210526
384,40,200000,3,0.0,120,120,3333333
384,48,200000,3,0.0,144,144,2777778
384,56,200000,3,0.011904761904761904,168,167,2395210
384,64,200000,3,0.0,192,192,2083333
384,72,200000,3,0.009259259259259259,216,215,1860465
384,80,200000,3,0.008333333333333333,240,239,1673640
384,88,200000,3,0.007575757575757576,264,263,1520913
384,96,200000,3,0.006944444444444444,288,287,1393728
384,104,200000,3,0.00641025641025641,312,311,1286174
384,112,200000,3,0.0,336,336,1190476
384,120,200000,3,0.011111111111111112,360,358,1117318
384,128,200000,3,0.005208333333333333,384,383,1044386
384,136,200000,3,0.0,408,408,980392
384,144,200000,3,0.004629629629629629,432,431,928074
384,152,200000,3,0.013157894736842105,456,453,883002
384,160,200000,3,0.016666666666666666,480,476,840336
384,168,200000,3,0.007936507936507936,504,502,796813
384,176,200000,3,0.003787878787878788,528,527,759013
384,184,200000,3,0.010869565217391304,552,549,728597
384,192,200000,3,0.010416666666666666,576,573,698080
384,200,200000,3,0.01,600,597,670017
384,208,200000,3,0.003205128205128205,624,623,642055
384,216,200000,3,0.018518518518518517,648,642,623053
384,224,200000,3,0.0,672,672,595238
384,232,200000,3,0.0028735632183908046,696,695,575540
384,240,200000,3,0.008333333333333333,720,717,557880
384,248,200000,3,0.0,744,744,537634
384,256,200000,3,0.0078125,768,765,522876
384,264,200000,3,0.007575757575757576,792,789,506971
384,272,200000,3,0.0,816,816,490196
384,280,200000,3,0.004761904761904762,840,838,477327
384,288,200000,3,0.0023148148148148147,864,863,463499
384,296,200000,3,0.01126126126126126,888,883,453001
384,304,200000,3,0.006578947368421052,912,909,440044
384,312,200000,3,0.00641025641025641,936,933,428725
384,320,200000,3,0.00625,960,957,417973
384,328,200000,3,0.0040650406504065045,984,982,407332
384,336,200000,3,0.011904761904761904,1008,1002,399202
384,344,200000,3,0.0,1032,1032,387597
384,352,200000,3,0.001893939393939394,1056,1055,379147
384,360,200000,3,0.005555555555555556,1080,1077,371402
384,368,200000,3,0.0018115942028985507,1104,1103,362647
384,376,200000,3,0.008865248226950355,1128,1123,356189
384,8,200000,5,0.0,40,40,10000000
384,16,200000,5,0.0,80,80,5000000
384,24,200000,5,0.0,120,120,3333333
384,32,200000,5,0.0125,160,159,2515723
384,40,200000,5,0.0,200,200,2000000
384,48,200000,5,0.025,240,237,1687764
384,56,200000,5,0.0,280,280,1428571
384,64,200000,5,0.00625,320,319,1253918
384,72,200000,5,0.016666666666666666,360,357,1120448
384,80,200000,5,0.0,400,400,1000000
384,88,200000,5,0.031818181818181815,440,433,923788
384,96,200000,5,0.004166666666666667,480,479,835073
384,104,200000,5,0.0,520,520,769231
384,112,200000,5,0.025,560,553,723327
384,120,200000,5,0.01,600,597,670017
384,128,200000,5,0.00625,640,638,626959
384,136,200000,5,0.0058823529411764705,680,678,589971
384,144,200000,5,0.022222222222222223,720,712,561798
384,152,200000,5,0.015789473684210527,760,754,530504
384,160,200000,5,0.005,800,798,501253
384,168,200000,5,0.004761904761904762,840,838,477327
384,176,200000,5,0.006818181818181818,880,877,456100
384,184,200000,5,0.010869565217391304,920,915,437158
384,192,200000,5,0.008333333333333333,960,956,418410
384,200,200000,5,0.006,1000,997,401204
384,208,200000,5,0.011538461538461539,1040,1034,386847
384,216,200000,5,0.014814814814814815,1080,1072,373134
384,224,200000,5,0.008928571428571428,1120,1115,358744
384,232,200000,5,0.008620689655172414,1160,1155,346320
384,240,200000,5,0.01,1200,1194,335008
384,248,200000,5,0.00967741935483871,1240,1234,324149
384,256,200000,5,0.0015625,1280,1279,312744
384,264,200000,5,0.015151515151515152,1320,1310,305344
384,272,200000,5,0.0058823529411764705,1360,1356,294985
384,280,200000,5,0.011428571428571429,1400,1392,287356
384,288,200000,5,0.0125,1440,1431,279525
384,296,200000,5,0.008108108108108109,1480,1474,271370
384,304,200000,5,0.005263157894736842,1520,1516,263852
384,312,200000,5,0.010256410256410256,1560,1552,257732
384,320,200000,5,0.00875,1600,1593,251099
384,328,200000,5,0.01097560975609756,1640,1631,245248
384,336,200000,5,0.008333333333333333,1680,1673,239091
384,344,200000,5,0.015116279069767442,1720,1707,234329
384,352,200000,5,0.011363636363636364,1760,1750,228571
384,360,200000,5,0.015555555555555555,1800,1786,223964
384,368,200000,5,0.015217391304347827,1840,1826,219058
384,376,200000,5,0.00851063829787234,1880,1872,213675
384,8,200000,7,0.03571428571428571,56,55,7272727
384,16,200000,7,0.0,112,112,3571429
384,24,200000,7,0.011904761904761904,168,167,2395210
384,32,200000,7,0.026785714285714284,224,221,1809955
384,40,200000,7,0.007142857142857143,280,279,1433692
384,48,200000,7,0.03571428571428571,336,330,1212121
384,56,200000,7,0.00510204081632653,392,391,1023018
384,64,200000,7,0.026785714285714284,448,442,904977
384,72,200000,7,0.027777777777777776,504,497,804829
384,80,200000,7,0.026785714285714284,560,552,724638
384,88,200000,7,0.00974025974025974,616,613,652529
384,96,200000,7,0.023809523809523808,672,664,602410
384,104,200000,7,0.016483516483516484,728,722,554017
384,112,200000,7,0.017857142857142856,784,777,514801
384,120,200000,7,0.014285714285714285,840,834,479616
384,128,200000,7,0.020089285714285716,896,887,450958
384,136,200000,7,0.01680672268907563,952,944,423729
384,144,200000,7,0.00992063492063492,1008,1003,398804
384,152,200000,7,0.015037593984962405,1064,1056,378788
384,160,200000,7,0.019642857142857142,1120,1109,360685
384,168,200000,7,0.017857142857142856,1176,1165,343348
384,176,200000,7,0.021103896103896104,1232,1219,328138
384,184,200000,7,0.013975155279503106,1288,1279,312744
384,192,200000,7,0.019345238095238096,1344,1331,300526
384,200,200000,7,0.018571428571428572,1400,1387,288392
384,208,200000,7,0.016483516483516484,1456,1444,277008
384,216,200000,7,0.006613756613756613,1512,1507,265428
384,224,200000,7,0.008928571428571428,1568,1561,256246
384,232,200000,7,0.011083743842364532,1624,1615,247678
384,240,200000,7,0.017857142857142856,1680,1665,240240
384,248,200000,7,0.012672811059907835,1736,1725,231884
384,256,200000,7,0.015625,1792,1778,224972
384,264,200000,7,0.027056277056277056,1848,1823,219419
384,272,200000,7,0.018907563025210083,1904,1886,212089
384,280,200000,7,0.014285714285714285,1960,1946,205550
384,288,200000,7,0.015873015873015872,2016,2000,200000
384,296,200000,7,0.012548262548262547,2072,2059,194269
384,304,200000,7,0.014097744360902255,2128,2113,189304
384,312,200000,7,0.018315018315018316,2184,2164,184843
384,320,200000,7,0.016964285714285713,2240,2221,180099
384,328,200000,7,0.017421602787456445,2296,2276,175747
384,336,200000,7,0.013605442176870748,2352,2336,171233
384,344,200000,7,0.009136212624584718,2408,2397,166875
384,352,200000,7,0.01948051948051948,2464,2440,163934
384,360,200000,7,0.011904761904761904,2520,2505,159681
384,368,200000,7,0.016304347826086956,2576,2555,156556
384,376,200000,7,0.0182370820668693,2632,2608,153374
384,8,200000,9,0.0,72,72,5555556
384,16,200000,9,0.013888888888888888,144,143,2797203
384,24,200000,9,0.0,216,216,1851852
384,32,200000,9,0.013888888888888888,288,286,1398601
384,40,200000,9,0.011111111111111112,360,358,1117318
384,48,200000,9,0.023148148148148147,432,427,936768
384,56,200000,9,0.011904761904761904,504,501,798403
384,64,200000,9,0.034722222222222224,576,566,706714
384,72,200000,9,0.044753086419753084,648,633,631912
384,80,200000,9,0.022222222222222223,720,712,561798
384,88,200000,9,0.015151515151515152,792,786,508906
384,96,200000,9,0.009259259259259259,864,860,465116
384,104,200000,9,0.019230769230769232,936,927,431499
384,112,200000,9,0.00992063492063492,1008,1003,398804
384,120,200000,9,0.016666666666666666,1080,1071,373483
384,128,200000,9,0.020833333333333332,1152,1140,350877
384,136,200000,9,0.021241830065359478,1224,1211,330306
384,144,200000,9,0.009259259259259259,1296,1290,310078
384,152,200000,9,0.017543859649122806,1368,1356,294985
384,160,200000,9,0.02361111111111111,1440,1423,281096
384,168,200000,9,0.017195767195767195,1512,1499,266845
384,176,200000,9,0.016414141414141416,1584,1571,254615
384,184,200000,9,0.021135265700483092,1656,1638,244200
384,192,200000,9,0.018518518518518517,1728,1712,233645
384,200,200000,9,0.02277777777777778,1800,1779,224845
384,208,200000,9,0.013888888888888888,1872,1859,215169
384,216,200000,9,0.018518518518518517,1944,1926,207684
384,224,200000,9,0.013392857142857142,2016,2002,199800
384,232,200000,9,0.027777777777777776,2088,2059,194269
384,240,200000,9,0.015277777777777777,2160,2143,186654
384,248,200000,9,0.023297491039426525,2232,2205,181406
384,256,200000,9,0.0234375,2304,2277,175670
384,264,200000,9,0.027777777777777776,2376,2343,170721
384,272,200000,9,0.02696078431372549,2448,2415,165631
384,280,200000,9,0.01865079365079365,2520,2496,160256
384,288,200000,9,0.02700617283950617,2592,2557,156433
384,296,200000,9,0.02252252252252252,2664,2634,151860
384,304,200000,9,0.025219298245614034,2736,2701,148093
384,312,200000,9,0.021367521367521368,2808,2778,143988
384,320,200000,9,0.021875,2880,2848,140449
384,328,200000,9,0.02100271002710027,2952,2921,136939
384,336,200000,9,0.02447089947089947,3024,2987,133914
384,344,200000,9,0.02260981912144703,3096,3061,130676
384,352,200000,9,0.026515151515151516,3168,3126,127959
384,360,200000,9,0.019753086419753086,3240,3208,124688
384,368,200000,9,0.020531400966183576,3312,3278,122026
384,376,200000,9,0.02009456264775414,3384,3350,119403
384,8,200000,11,0.022727272727272728,88,87,4597701
384,16,200000,11,0.011363636363636364,176,175,2285714
384,24,200000,11,0.045454545454545456,264,258,1550388
384,32,200000,11,0.017045454545454544,352,349,1146132
384,40,200000,11,0.04090909090909091,440,431,928074
384,48,200000,11,0.026515151515151516,528,521,767754
384,56,200000,11,0.016233766233766232,616,611,654664
384,64,200000,11,0.04261363636363636,704,689,580552
384,72,200000,11,0.027777777777777776,792,781,512164
384,80,200000,11,0.02727272727272727,880,868,460829
384,88,200000,11,0.026859504132231406,968,955,418848
384,96,200000,11,0.015151515151515152,1056,1048,381679
384,104,200000,11,0.026223776223776224,1144,1129,354296
384,112,200000,11,0.02922077922077922,1232,1214,329489
384,120,200000,11,0.016666666666666666,1320,1309,305577
384,128,200000,11,0.03480113636363636,1408,1383,289226
384,136,200000,11,0.0213903743315508,1496,1480,270270
384,144,200000,11,0.021464646464646464,1584,1567,255265
384,152,200000,11,0.0215311004784689,1672,1654,241838
384,160,200000,11,0.019318181818181818,1760,1743,229489
384,168,200000,11,0.02922077922077922,1848,1821,219660
384,176,200000,11,0.024793388429752067,1936,1912,209205
384,184,200000,11,0.025691699604743084,2024,1998,200200
384,192,200000,11,0.03787878787878788,2112,2072,193050
384,200,200000,11,0.022727272727272728,2200,2175,183908
384,208,200000,11,0.025349650349650348,2288,2259,177069
384,216,200000,11,0.029461279461279462,2376,2341,170867
384,224,200000,11,0.02556818181818182,2464,2432,164474
384,232,200000,11,0.0274294670846395,2552,2517,158919
384,240,200000,11,0.025757575757575757,2640,2606,153492
384,248,200000,11,0.023826979472140762,2728,2695,148423
384,256,200000,11,0.022727272727272728,2816,2784,143678
384,264,200000,11,0.02203856749311295,2904,2872,139276
384,272,200000,11,0.02406417112299465,2992,2956,135318
384,280,200000,11,0.028896103896103895,3080,3035,131796
384,288,200000,11,0.021780303030303032,3168,3133,127673
384,296,200000,11,0.025798525798525797,3256,3214,124456
384,304,200000,11,0.02332535885167464,3344,3305,121029
384,312,200000,11,0.02564102564102564,3432,3388,118064
384,320,200000,11,0.023579545454545454,3520,3478,115009
384,328,200000,11,0.027161862527716185,3608,3559,112391
384,336,200000,11,0.025703463203463204,3696,3648,109649
384,344,200000,11,0.02061310782241015,3784,3745,106809
384,352,200000,11,0.032283057851239666,3872,3809,105014
384,360,200000,11,0.025,3960,3910,102302
384,368,200000,11,0.023221343873517788,4048,4001,99975
384,376,200000,11,0.02756286266924565,4136,4079,98063
384,8,200000,13,0.038461538461538464,104,102,3921569
384,16,200000,13,0.038461538461538464,208,204,1960784
384,24,200000,13,0.038461538461538464,312,306,1307190
384,32,200000,13,0.019230769230769232,416,412,970874
384,40,200000,13,0.019230769230769232,520,515,776699
384,48,200000,13,0.028846153846153848,624,615,650407
384,56,200000,13,0.02197802197802198,728,720,555556
384,64,200000,13,0.036057692307692304,832,817,489596
384,72,200000,13,0.038461538461538464,936,918,435730
384,80,200000,13,0.038461538461538464,1040,1020,392157
384,88,200000,13,0.03146853146853147,1144,1126,355240
384,96,200000,13,0.03365384615384615,1248,1227,325998
384,104,200000,13,0.03254437869822485,1352,1330,300752
384,112,200000,13,0.03021978021978022,1456,1434,278940
384,120,200000,13,0.029487179487179487,1560,1537,260247
384,128,200000,13,0.025240384615384616,1664,1643,243457
384,136,200000,13,0.02262443438914027,1768,1748,228833
384,144,200000,13,0.03418803418803419,1872,1840,217391
384,152,200000,13,0.024291497975708502,1976,1952,204918
384,160,200000,13,0.03461538461538462,2080,2044,195695
384,168,200000,13,0.03021978021978022,2184,2151,185960
384,176,200000,13,0.025349650349650348,2288,2259,177069
384,184,200000,13,0.024247491638795988,2392,2362,169348
384,192,200000,13,0.026842948717948716,2496,2462,162470
384,200,200000,13,0.027692307692307693,2600,2564,156006
384,208,200000,13,0.027366863905325445,2704,2667,149981
384,216,200000,13,0.033831908831908834,2808,2760,144928
384,224,200000,13,0.0260989010989011,2912,2874,139179
384,232,200000,13,0.02453580901856764,3016,2979,134273
384,240,200000,13,0.02980769230769231,3120,3073,130166
384,248,200000,13,0.02729528535980149,3224,3180,125786
384,256,200000,13,0.033052884615384616,3328,3273,122212
384,264,200000,13,0.03146853146853147,3432,3378,118413
384,272,200000,13,0.031108597285067874,3536,3481,114910
384,280,200000,13,0.03324175824175824,3640,3579,111763
384,288,200000,13,0.03365384615384615,3744,3680,108696
384,296,200000,13,0.030665280665280667,3848,3789,105569
384,304,200000,13,0.0298582995951417,3952,3893,102749
384,312,200000,13,0.03106508875739645,4056,3993,100175
384,320,200000,13,0.027403846153846154,4160,4103,97490
384,328,200000,13,0.03330206378986867,4264,4193,95397
384,336,200000,13,0.030677655677655676,4368,4301,93002
384,344,200000,13,0.029740608228980323,4472,4405,90806
384,352,200000,13,0.02819055944055944,4576,4511,88672
384,360,200000,13,0.03418803418803419,4680,4600,86957
384,368,200000,13,0.03072742474916388,4784,4710,84926
384,376,200000,13,0.02905073649754501,4888,4816,83056
384,8,200000,15,0.016666666666666666,120,119,3361345
384,16,200000,15,0.041666666666666664,240,235,1702128
384,24,200000,15,0.03333333333333333,360,354,1129944
384,32,200000,15,0.03958333333333333,480,470,851064
384,40,200000,15,0.03833333333333333,600,588,680272
384,48,200000,15,0.03888888888888889,720,706,566572
384,56,200000,15,0.03571428571428571,840,825,484848
384,64,200000,15,0.05,960,936,427350
384,72,200000,15,0.024074074074074074,1080,1067,374883
384,80,200000,15,0.045,1200,1173,341006
384,88,200000,15,0.051515151515151514,1320,1286,311042
384,96,200000,15,0.020833333333333332,1440,1425,280702
384,104,200000,15,0.03205128205128205,1560,1535,260586
384,112,200000,15,0.030952380952380953,1680,1654,241838
384,120,200000,15,0.03111111111111111,1800,1772,225734
384,128,200000,15,0.030208333333333334,1920,1891,211528
384,136,200000,15,0.03137254901960784,2040,2008,199203
384,144,200000,15,0.04027777777777778,2160,2115,189125
384,152,200000,15,0.031578947368421054,2280,2244,178253
384,160,200000,15,0.04041666666666666,2400,2351,170140
384,168,200000,15,0.04206349206349207,2520,2467,162140
384,176,200000,15,0.042045454545454546,2640,2584,154799
384,184,200000,15,0.03949275362318841,2760,2705,147874
384,192,200000,15,0.02847222222222222,2880,2839,140895
384,200,200000,15,0.035333333333333335,3000,2947,135731
384,208,200000,15,0.046153846153846156,3120,3047,131277
384,216,200000,15,0.03888888888888889,3240,3177,125905
384,224,200000,15,0.034523809523809526,3360,3302,121139
384,232,200000,15,0.03879310344827586,3480,3412,117233
384,240,200000,15,0.04055555555555555,3600,3526,113443
384,248,200000,15,0.037365591397849465,3720,3650,109589
384,256,200000,15,0.03671875,3840,3769,106129
384,264,200000,15,0.031818181818181815,3960,3897,102643
384,272,200000,15,0.03872549019607843,4080,4000,100000
384,280,200000,15,0.03738095238095238,4200,4121,97064
384,288,200000,15,0.03726851851851852,4320,4239,94362
384,296,200000,15,0.0445945945945946,4440,4341,92145
384,304,200000,15,0.03618421052631579,4560,4477,89346
384,312,200000,15,0.03974358974358974,4680,4587,87203
384,320,200000,15,0.035,4800,4715,84836
384,328,200000,15,0.03983739837398374,4920,4822,82953
384,336,200000,15,0.035515873015873015,5040,4950,80808
384,344,200000,15,0.03682170542635659,5160,5065,78973
384,352,200000,15,0.03049242424242424,5280,5199,76938
384,360,200000,15,0.03518518518518519,5400,5305,75401
384,368,200000,15,0.03206521739130435,5520,5431,73651
384,376,200000,15,0.03546099290780142,5640,5540,72202
384,8,200000,17,0.058823529411764705,136,132,3030303
384,16,200000,17,0.0,272,272,1470588
384,24,200000,17,0.00980392156862745,408,406,985222
384,32,200000,17,0.03676470588235294,544,534,749064
384,40,200000,17,0.029411764705882353,680,670,597015
384,48,200000,17,0.029411764705882353,816,804,497512
384,56,200000,17,0.029411764705882353,952,938,426439
384,64,200000,17,0.058823529411764705,1088,1055,379147
384,72,200000,17,0.032679738562091505,1224,1204,332226
384,80,200000,17,0.03676470588235294,1360,1335,299625
384,88,200000,17,0.046122994652406414,1496,1461,273785
384,96,200000,17,0.042279411764705885,1632,1597,250470
384,104,200000,17,0.032805429864253395,1768,1739,230017
384,112,200000,17,0.03676470588235294,1904,1869,214018
384,120,200000,17,0.0392156862745098,2040,2000,200000
384,128,200000,17,0.043658088235294115,2176,2128,187970
384,136,200000,17,0.04238754325259515,2312,2263,176757
384,144,200000,17,0.03799019607843137,2448,2401,166597
384,152,200000,17,0.03831269349845201,2584,2534,157853
384,160,200000,17,0.04926470588235294,2720,2652,150830
384,168,200000,17,0.03746498599439776,2856,2801,142806
384,176,200000,17,0.0374331550802139,2992,2936,136240
384,184,200000,17,0.03388746803069054,3128,3075,130081
384,192,200000,17,0.035845588235294115,3264,3205,124805
384,200,200000,17,0.04794117647058824,3400,3318,120555
384,208,200000,17,0.035633484162895926,3536,3473,115174
384,216,200000,17,0.03676470588235294,3672,3603,111019
384,224,200000,17,0.04149159663865546,3808,3728,107296
384,232,200000,17,0.04513184584178499,3944,3855,103761
384,240,200000,17,0.035784313725490194,4080,4007,99825
384,248,200000,17,0.04269449715370019,4216,4126,96946
384,256,200000,17,0.04457720588235294,4352,4255,94007
384,264,200000,17,0.0427807486631016,4488,4392,91075
384,272,200000,17,0.042820069204152246,4624,4524,88417
384,280,200000,17,0.047058823529411764,4760,4648,86059
384,288,200000,17,0.03880718954248366,4896,4801,83316
384,296,200000,17,0.03676470588235294,5032,4939,80988
384,304,200000,17,0.04179566563467492,5168,5059,79067
384,312,200000,17,0.04110105580693816,5304,5194,77012
384,320,200000,17,0.03676470588235294,5440,5339,74920
384,328,200000,17,0.04071018651362984,5576,5462,73233
384,336,200000,17,0.03816526610644258,5712,5602,71403
384,344,200000,17,0.04121067031463748,5848,5726,69857
384,352,200000,17,0.032754010695187165,5984,5886,67958
384,360,200000,17,0.04183006535947712,6120,5991,66767
384,368,200000,17,0.03117007672634271,6256,6158,64956
384,376,200000,17,0.04005006257822278,6392,6264,63857
384,8,200000,19,0.039473684210526314,152,149,2684564
384,16,200000,19,0.08552631578947369,304,291,1374570
384,24,200000,19,0.06359649122807018,456,441,907029
384,32,200000,19,0.05592105263157895,608,591,676819
384,40,200000,19,0.05526315789473684,760,739,541272
384,48,200000,19,0.039473684210526314,912,894,447427
384,56,200000,19,0.04887218045112782,1064,1038,385356
384,64,200000,19,0.060032894736842105,1216,1179,339271
384,72,200000,19,0.04093567251461988,1368,1339,298730
384,80,200000,19,0.0375,1520,1491,268276
384,88,200000,19,0.04665071770334928,1672,1633,244948
384,96,200000,19,0.043859649122807015,1824,1783,224341
384,104,200000,19,0.040991902834008095,1976,1935,206718
384,112,200000,19,0.03383458646616541,2128,2092,191205
384,120,200000,19,0.041666666666666664,2280,2232,179211
384,128,200000,19,0.0390625,2432,2384,167785
384,136,200000,19,0.05108359133126935,2584,2518,158856
384,144,200000,19,0.05482456140350877,2736,2661,150319
384,152,200000,19,0.04986149584487535,2888,2815,142096
384,160,200000,19,0.049342105263157895,3040,2965,134907
384,168,200000,19,0.041666666666666664,3192,3125,128000
384,176,200000,19,0.046052631578947366,3344,3267,122436
384,184,200000,19,0.04862700228832952,3496,3411,117268
384,192,200000,19,0.039473684210526314,3648,3575,111888
384,200,200000,19,0.04105263157894737,3800,3722,107469
384,208,200000,19,0.04630566801619433,3952,3860,103627
384,216,200000,19,0.04337231968810916,4104,4014,99651
384,224,200000,19,0.05192669172932331,4256,4145,96502
384,232,200000,19,0.03720508166969147,4408,4326,92464
384,240,200000,19,0.049342105263157895,4560,4447,89948
384,248,200000,19,0.037563667232597624,4712,4623,86524
384,256,200000,19,0.046875,4864,4750,84211
384,264,200000,19,0.04066985645933014,5016,4913,81417
384,272,200000,19,0.03869969040247678,5168,5067,78942
384,280,200000,19,0.04379699248120301,5320,5202,76894
384,288,200000,19,0.04057017543859649,5472,5359,74641
384,296,200000,19,0.03751778093883357,5624,5517,72503
384,304,200000,19,0.04259002770083103,5776,5652,70771
384,312,200000,19,0.0497638326585695,5928,5779,69216
384,320,200000,19,0.04753289473684211,6080,5935,67397
384,328,200000,19,0.04525032092426187,6232,6090,65681
384,336,200000,19,0.046052631578947366,6384,6237,64133
384,344,200000,19,0.051407588739290085,6536,6366,62834
384,352,200000,19,0.05038875598086125,6688,6517,61378
384,360,200000,19,0.044444444444444446,6840,6686,59827
384,368,200000,19,0.04033180778032037,6992,6850,58394
384,376,200000,19,0.04731243001119821,7144,6975,57348
384,8,200000,21,0.023809523809523808,168,166,2409639
384,16,200000,21,0.02976190476190476,336,331,1208459
384,24,200000,21,0.05952380952380952,504,489,817996
384,32,200000,21,0.050595238095238096,672,655,610687
384,40,200000,21,0.047619047619047616,840,820,487805
384,48,200000,21,0.047619047619047616,1008,984,406504
384,56,200000,21,0.0391156462585034,1176,1153,346921
384,64,200000,21,0.05803571428571429,1344,1305,306513
384,72,200000,21,0.05026455026455026,1512,1474,271370
384,80,200000,21,0.06428571428571428,1680,1625,246154
384,88,200000,21,0.03896103896103896,1848,1811,220872
384,96,200000,21,0.05009920634920635,2016,1965,203562
384,104,200000,21,0.0554029304029304,2184,2123,188413
384,112,200000,21,0.0429421768707483,2352,2301,173837
384,120,200000,21,0.05396825396825397,2520,2450,163265
384,128,200000,21,0.047619047619047616,2688,2624,152439
384,136,200000,21,0.04936974789915966,2856,2785,143627
384,144,200000,21,0.04332010582010582,3024,2958,135227
384,152,200000,21,0.05795739348370927,3192,3099,129074
384,160,200000,21,0.051488095238095236,3360,3273,122212
384,168,200000,21,0.041666666666666664,3528,3454,115808
384,176,200000,21,0.04924242424242424,3696,3605,110957
384,184,200000,21,0.043478260869565216,3864,3778,105876
384,192,200000,21,0.054811507936507936,4032,3920,102041
384,200,200000,21,0.04404761904761905,4200,4107,97395
384,208,200000,21,0.05013736263736264,4368,4258,93941
384,216,200000,21,0.052248677248677246,4536,4416,90580
384,224,200000,21,0.04953231292517007,4704,4586,87222
384,232,200000,21,0.05008210180623974,4872,4749,84228
384,240,200000,21,0.05119047619047619,5040,4910,81466
384,248,200000,21,0.0456989247311828,5208,5088,78616
384,256,200000,21,0.054873511904761904,5376,5227,76526
384,264,200000,21,0.039862914862914864,5544,5433,73624
384,272,200000,21,0.05619747899159664,5712,5550,72072
384,280,200000,21,0.05612244897959184,5880,5712,70028
384,288,200000,21,0.05291005291005291,6048,5886,67958
384,296,200000,21,0.055341055341055344,6216,6043,66192
384,304,200000,21,0.05075187969924812,6384,6222,64288
384,312,200000,21,0.04456654456654457,6552,6406,62441
384,320,200000,21,0.053422619047619045,6720,6538,61181
384,328,200000,21,0.04500580720092915,6888,6733,59409
384,336,200000,21,0.050878684807256234,7056,6874,58190
384,344,200000,21,0.046650055370985606,7224,7055,56697
384,352,200000,21,0.04897186147186147,7392,7209,55486
384,360,200000,21,0.049206349206349205,7560,7372,54259
384,368,200000,21,0.049818840579710144,7728,7534,53093
384,376,200000,21,0.054204660587639314,7896,7681,52077
384,8,200000,23,0.06521739130434782,184,178,2247191
384,16,200000,23,0.07336956521739131,368,354,1129944
384,24,200000,23,0.05434782608695652,552,537,744879
384,32,200000,23,0.08016304347826086,736,706,566572
384,40,200000,23,0.08260869565217391,920,882,453515
384,48,200000,23,0.06793478260869565,1104,1066,375235
384,56,200000,23,0.05124223602484472,1288,1255,318725
384,64,200000,23,0.051630434782608696,1472,1434,278940
384,72,200000,23,0.06582125603864734,1656,1601,249844
384,80,200000,23,0.04565217391304348,1840,1798,222469
384,88,200000,23,0.055830039525691696,2024,1966,203459
384,96,200000,23,0.06159420289855073,2208,2139,187003
384,104,200000,23,0.054765886287625416,2392,2326,171969
384,112,200000,23,0.05046583850931677,2576,2511,159299
384,120,200000,23,0.0644927536231884,2760,2670,149813
384,128,200000,23,0.06317934782608696,2944,2851,140302
384,136,200000,23,0.054667519181585675,3128,3042,131492
384,144,200000,23,0.05434782608695652,3312,3221,124185
384,152,200000,23,0.05863844393592677,3496,3392,117925
384,160,200000,23,0.058967391304347826,3680,3571,112013
384,168,200000,23,0.060041407867494824,3864,3747,106752
384,176,200000,23,0.05212450592885375,4048,3941,101497
384,184,200000,23,0.057892249527410206,4232,4109,97347
384,192,200000,23,0.057744565217391304,4416,4287,93305
384,200,200000,23,0.04565217391304348,4600,4493,89027
384,208,200000,23,0.05957357859531773,4784,4640,86207
384,216,200000,23,0.05213365539452496,4968,4837,82696
384,224,200000,23,0.057259316770186336,5152,5002,79968
384,232,200000,23,0.05247376311844078,5336,5195,76997
384,240,200000,23,0.05144927536231884,5520,5377,74391
384,248,200000,23,0.05592566619915849,5704,5543,72163
384,256,200000,23,0.05400815217391304,5888,5729,69820
384,264,200000,23,0.05533596837944664,6072,5903,67762
384,272,200000,23,0.05370843989769821,6256,6086,65725
384,280,200000,23,0.06102484472049689,6440,6242,64082
384,288,200000,23,0.05676328502415459,6624,6434,62170
384,296,200000,23,0.052878965922444184,6808,6626,60368
384,304,200000,23,0.0596395881006865,6992,6781,58988
384,312,200000,23,0.062151616499442584,7176,6951,57546
384,320,200000,23,0.053125,7360,7163,55843
384,328,200000,23,0.05885471898197243,7544,7321,54637
384,336,200000,23,0.059912008281573496,7728,7495,53369
384,344,200000,23,0.053842264914054604,7912,7698,51962
384,352,200000,23,0.057806324110671936,8096,7860,50891
384,360,200000,23,0.057004830917874394,8280,8041,49745
384,368,200000,23,0.047613421550094515,8464,8262,48414
384,376,200000,23,0.04879740980573543,8648,8435,47421
384,8,200000,25,0.04,200,196,2040816
384,16,200000,25,0.04,400,392,1020408
384,24,200000,25,0.05333333333333334,600,584,684932
384,32,200000,25,0.055,800,778,514139
384,40,200000,25,0.046,1000,976,409836
384,48,200000,25,0.065,1200,1160,344828
384,56,200000,25,0.045,1400,1368,292398
384,64,200000,25,0.046875,1600,1562,256082
384,72,200000,25,0.06222222222222222,1800,1743,229489
384,80,200000,25,0.06,2000,1940,206186
384,88,200000,25,0.05045454545454545,2200,2144,186567
384,96,200000,25,0.06958333333333333,2400,2316,172712
384,104,200000,25,0.06423076923076923,2600,2516,158983
384,112,200000,25,0.054642857142857146,2800,2723,146897
384,120,200000,25,0.058333333333333334,3000,2912,137363
384,128,200000,25,0.0559375,3200,3110,128617
384,136,200000,25,0.06,3400,3297,121322
384,144,200000,25,0.06944444444444445,3600,3473,115174
384,152,200000,25,0.05894736842105263,3800,3687,108489
384,160,200000,25,0.07525,4000,3848,103950
384,168,200000,25,0.05547619047619048,4200,4082,97991
384,176,200000,25,0.07045454545454545,4400,4244,94251
384,184,200000,25,0.05565217391304348,4600,4472,89445
384,192,200000,25,0.057708333333333334,4800,4660,85837
384,200,200000,25,0.0522,5000,4869,82152
384,208,200000,25,0.05423076923076923,5200,5058,79083
384,216,200000,25,0.058888888888888886,5400,5239,76350
384,224,200000,25,0.06571428571428571,5600,5414,73883
384,232,200000,25,0.06551724137931035,5800,5608,71327
384,240,200000,25,0.0635,6000,5808,68871
384,248,200000,25,0.06016129032258064,6200,6012,66534
384,256,200000,25,0.06109375,6400,6200,64516
384,264,200000,25,0.07227272727272727,6600,6358,62913
384,272,200000,25,0.06264705882352942,6800,6585,60744
384,280,200000,25,0.06642857142857143,7000,6765,59128
384,288,200000,25,0.05986111111111111,7200,6984,57274
384,296,200000,25,0.0627027027027027,7400,7166,55819
384,304,200000,25,0.06289473684210527,7600,7360,54348
384,312,200000,25,0.05987179487179487,7800,7564,52882
384,320,200000,25,0.062625,8000,7746,51640
384,328,200000,25,0.06524390243902439,8200,7931,50435
384,336,200000,25,0.06607142857142857,8400,8120,49261
384,344,200000,25,0.06023255813953488,8600,8340,47962
384,352,200000,25,0.05693181818181818,8800,8545,46811
384,360,200000,25,0.05977777777777778,9000,8725,45845
384,368,200000,25,0.05967391304347826,9200,8922,44833
384,376,200000,25,0.0625531914893617,9400,9106,43927
384,8,200000,27,0.07407407407407407,216,208,1923077
384,16,200000,27,0.07175925925925926,432,416,961538
384,24,200000,27,0.08487654320987655,648,620,645161
384,32,200000,27,0.08101851851851852,864,828,483092
384,40,200000,27,0.06111111111111111,1080,1047,382044
384,48,200000,27,0.06558641975308642,1296,1253,319234
384,56,200000,27,0.06746031746031746,1512,1460,273973
384,64,200000,27,0.06828703703703703,1728,1667,239952
384,72,200000,27,0.062242798353909466,1944,1883,212427
384,80,200000,27,0.05277777777777778,2160,2103,190204
384,88,200000,27,0.07491582491582492,2376,2286,174978
384,96,200000,27,0.06404320987654322,2592,2509,159426
384,104,200000,27,0.06018518518518518,2808,2721,147005
384,112,200000,27,0.06911375661375661,3024,2919,137033
384,120,200000,27,0.06820987654320988,3240,3126,127959
384,128,200000,27,0.07407407407407407,3456,3327,120228
384,136,200000,27,0.05827886710239651,3672,3564,112233
384,144,200000,27,0.05787037037037037,3888,3773,106016
384,152,200000,27,0.07115009746588694,4104,3956,101112
384,160,200000,27,0.07407407407407407,4320,4158,96200
384,168,200000,27,0.08068783068783068,4536,4353,91891
384,176,200000,27,0.07449494949494949,4752,4574,87451
384,184,200000,27,0.061996779388083734,4968,4814,83091
384,192,200000,27,0.06172839506172839,5184,5021,79665
384,200,200000,27,0.06,5400,5236,76394
384,208,200000,27,0.07051282051282051,5616,5417,73842
384,216,200000,27,0.06018518518518518,5832,5653,70759
384,224,200000,27,0.05968915343915344,6048,5866,68190
384,232,200000,27,0.06928480204342273,6264,6045,66170
384,240,200000,27,0.06759259259259259,6480,6259,63908
384,248,200000,27,0.06287335722819594,6696,6484,61690
384,256,200000,27,0.0681423611111111,6912,6673,59943
384,264,200000,27,0.06285072951739619,7128,6901,57963
384,272,200000,27,0.05991285403050109,7344,7122,56164
384,280,200000,27,0.06693121693121692,7560,7302,54780
384,288,200000,27,0.06931584362139917,7776,7505,53298
384,296,200000,27,0.06418918918918919,7992,7734,51720
384,304,200000,27,0.06189083820662768,8208,7953,50295
384,312,200000,27,0.06968186134852801,8424,8129,49207
384,320,200000,27,0.06701388888888889,8640,8348,47916
384,328,200000,27,0.06176603432700994,8856,8580,46620
384,336,200000,27,0.06128747795414462,9072,8791,45501
384,344,200000,27,0.06406115417743324,9288,8987,44509
384,352,200000,27,0.06912878787878787,9504,9172,43611
384,360,200000,27,0.06213991769547325,9720,9414,42490
384,368,200000,27,0.07125603864734299,9936,9577,41767
384,376,200000,27,0.06284475965327029,10152,9827,40704
384,8,200000,29,0.04310344827586207,232,227,1762115
384,16,200000,29,0.06896551724137931,464,448,892857
384,24,200000,29,0.08333333333333333,696,667,599700
384,32,200000,29,0.07327586206896551,928,894,447427
384,40,200000,29,0.075,1160,1115,358744
384,48,200000,29,0.06752873563218391,1392,1345,297398
384,56,200000,29,0.0769704433497537,1624,1561,256246
384,64,200000,29,0.08189655172413793,1856,1778,224972
384,72,200000,29,0.08045977011494253,2088,2004,199601
384,80,200000,29,0.06508620689655173,2320,2244,178253
384,88,200000,29,0.07210031347962383,2552,2460,162602
384,96,200000,29,0.06501436781609195,2784,2693,148533
384,104,200000,29,0.07029177718832891,3016,2909,137504
384,112,200000,29,0.07450738916256158,3248,3127,127918
384,120,200000,29,0.06810344827586207,3480,3359,119083
384,128,200000,29,0.07354525862068965,3712,3575,111888
384,136,200000,29,0.06338742393509128,3944,3817,104794
384,144,200000,29,0.06585249042145594,4176,4038,99059
384,152,200000,29,0.06896551724137931,4408,4254,94029
384,160,200000,29,0.06336206896551724,4640,4492,89047
384,168,200000,29,0.0812807881773399,4872,4672,85616
384,176,200000,29,0.0636755485893417,5104,4940,80972
384,184,200000,29,0.06559220389805097,5336,5160,77519
384,192,200000,29,0.07399425287356322,5568,5357,74669
384,200,200000,29,0.07362068965517242,5800,5585,71620
384,208,200000,29,0.08239389920424403,6032,5781,69192
384,216,200000,29,0.07136015325670499,6264,6040,66225
384,224,200000,29,0.06711822660098522,6496,6274,63755
384,232,200000,29,0.07178953626634958,6728,6485,61681
384,240,200000,29,0.06436781609195402,6960,6734,59400
384,248,200000,29,0.06701890989988876,7192,6949,57562
384,256,200000,29,0.07596982758620689,7424,7136,56054
384,264,200000,29,0.07092476489028213,7656,7380,54201
384,272,200000,29,0.06858519269776876,7888,7612,52549
384,280,200000,29,0.07155172413793104,8120,7826,51112
384,288,200000,29,0.06752873563218391,8352,8065,49597
384,296,200000,29,0.0723438956197577,8584,8269,48373
384,304,200000,29,0.07452359346642468,8816,8485,47142
384,312,200000,29,0.07813881520778072,9048,8691,46025
384,320,200000,29,0.071875,9280,8943,44728
384,328,200000,29,0.06928090832632464,9512,9180,43573
384,336,200000,29,0.07604679802955665,9744,9370,42689
384,344,200000,29,0.0681635926222935,9976,9631,41533
384,352,200000,29,0.07288401253918496,10208,9831,40688
384,360,200000,29,0.0696360153256705,10440,10073,39710
384,368,200000,29,0.06990254872563718,10672,10295,38854
384,376,200000,29,0.07428466617754953,10904,10493,38121
384,8,200000,31,0.08870967741935484,248,237,1687764
384,16,200000,31,0.10483870967741936,496,469,852878
384,24,200000,31,0.09811827956989247,744,707,565771
384,32,200000,31,0.08165322580645161,992,949,421496
384,40,200000,31,0.07258064516129033,1240,1195,334728
384,48,200000,31,0.07661290322580645,1488,1431,279525
384,56,200000,31,0.07027649769585254,1736,1674,238949
384,64,200000,31,0.07409274193548387,1984,1910,209424
384,72,200000,31,0.07302867383512544,2232,2149,186133
384,80,200000,31,0.07338709677419354,2480,2387,167574
384,88,200000,31,0.07514662756598241,2728,2624,152439
384,96,200000,31,0.07224462365591398,2976,2867,139519
384,104,200000,31,0.07723325062034739,3224,3098,129116
384,112,200000,31,0.07171658986175115,3472,3346,119546
384,120,200000,31,0.08198924731182795,3720,3566,112170
384,128,200000,31,0.07963709677419355,3968,3806,105097
384,136,200000,31,0.07447817836812144,4216,4057,98595
384,144,200000,31,0.06989247311827956,4464,4307,92872
384,152,200000,31,0.0730050933786078,4712,4539,88125
384,160,200000,31,0.0846774193548387,4960,4747,84264
384,168,200000,31,0.07584485407066052,5208,5008,79872
384,176,200000,31,0.07697947214076246,5456,5244,76278
384,184,200000,31,0.07100280504908836,5704,5498,72754
384,192,200000,31,0.07493279569892473,5952,5727,69845
384,200,200000,31,0.07709677419354839,6200,5958,67137
384,208,200000,31,0.07428660049627792,6448,6205,64464
384,216,200000,31,0.07556750298685783,6696,6441,62102
384,224,200000,31,0.06394009216589862,6944,6721,59515
384,232,200000,31,0.06632369299221356,7192,6950,57554
384,240,200000,31,0.0728494623655914,7440,7164,55835
384,248,200000,31,0.07921436004162331,7688,7379,54208
384,256,200000,31,0.07018649193548387,7936,7655,52253
384,264,200000,31,0.07697947214076246,8184,7866,50852
384,272,200000,31,0.07851043643263757,8432,8097,49401
384,280,200000,31,0.07442396313364055,8680,8354,47881
384,288,200000,31,0.07862903225806452,8928,8570,46674
384,296,200000,31,0.08456843940714909,9176,8783,45543
384,304,200000,31,0.07597623089983022,9424,9061,44145
384,312,200000,31,0.08126550868486353,9672,9275,43127
384,320,200000,31,0.0721774193548387,9920,9558,41850
384,328,200000,31,0.07395751376868608,10168,9789,40862
384,336,200000,31,0.07622887864823348,10416,10013,39948
384,344,200000,31,0.06770442610652663,10664,10299,38839
384,352,200000,31,0.07441348973607038,10912,10503,38084
384,360,200000,31,0.0671146953405018,11160,10782,37099
384,368,200000,31,0.07652524544179523,11408,10964,36483
384,376,200000,31,0.07292381606039808,11656,11229,35622
384,8,200000,33,0.09848484848484848,264,251,1593625
384,16,200000,33,0.10227272727272728,528,501,798403
384,24,200000,33,0.07575757575757576,792,762,524934
384,32,200000,33,0.06439393939393939,1056,1022,391389
384,40,200000,33,0.06212121212121212,1320,1278,312989
384,48,200000,33,0.08017676767676768,1584,1520,263158
384,56,200000,33,0.07575757575757576,1848,1776,225225
384,64,200000,33,0.10227272727272728,2112,2001,199900
384,72,200000,33,0.08164983164983165,2376,2278,175593
384,80,200000,33,0.06780303030303031,2640,2549,156924
384,88,200000,33,0.08574380165289257,2904,2778,143988
384,96,200000,33,0.07891414141414141,3168,3042,131492
384,104,200000,33,0.07459207459207459,3432,3300,121212
384,112,200000,33,0.08522727272727272,3696,3537,113090
384,120,200000,33,0.09217171717171717,3960,3775,105960
384,128,200000,33,0.07646780303030302,4224,4061,98498
384,136,200000,33,0.06729055258467023,4488,4336,92251
384,144,200000,33,0.08354377104377105,4752,4551,87893
384,152,200000,33,0.0731658692185008,5016,4830,82816
384,160,200000,33,0.09431818181818181,5280,5027,79570
384,168,200000,33,0.08297258297258298,5544,5310,75330
384,176,200000,33,0.07920110192837465,5808,5575,71749
384,184,200000,33,0.09140316205533597,6072,5788,69109
384,192,200000,33,0.07970328282828283,6336,6080,65789
384,200,200000,33,0.0796969696969697,6600,6334,63151
384,208,200000,33,0.07663170163170163,6864,6598,60624
384,216,200000,33,0.07702020202020202,7128,6852,58377
384,224,200000,33,0.07765151515151515,7392,7101,56330
384,232,200000,33,0.07928422152560084,7656,7348,54437
384,240,200000,33,0.07588383838383839,7920,7615,52528
384,248,200000,33,0.08382209188660801,8184,7837,51040
384,256,200000,33,0.08487215909090909,8448,8083,49487
384,264,200000,33,0.081267217630854,8712,8350,47904
384,272,200000,33,0.07932263814616755,8976,8615,46431
384,280,200000,33,0.07824675324675325,9240,8873,45081
384,288,200000,33,0.0796506734006734,9504,9121,43855
384,296,200000,33,0.0819000819000819,9768,9363,42721
384,304,200000,33,0.08781897926634769,10032,9586,41728
384,312,200000,33,0.0775058275058275,10296,9891,40441
384,320,200000,33,0.09090909090909091,10560,10073,39710
384,328,200000,33,0.08388765705838877,10824,10364,38595
384,336,200000,33,0.08477633477633478,11088,10612,37693
384,344,200000,33,0.07760747004933051,11352,10908,36670
384,352,200000,33,0.08006198347107438,11616,11145,35891
384,360,200000,33,0.08072390572390573,11880,11394,35106
384,368,200000,33,0.07493412384716733,12144,11685,34232
384,376,200000,33,0.08010960670535139,12408,11906,33597
384,8,200000,35,0.09285714285714286,280,267,1498127
384,16,200000,35,0.09107142857142857,560,533,750469
384,24,200000,35,0.07261904761904762,840,809,494438
384,32,200000,35,0.09464285714285714,1120,1067,374883
384,40,200000,35,0.07714285714285714,1400,1345,297398
384,48,200000,35,0.08988095238095238,1680,1604,249377
384,56,200000,35,0.0826530612244898,1960,1878,212993
384,64,200000,35,0.09017857142857143,2240,2139,187003
384,72,200000,35,0.09087301587301587,2520,2404,166389
384,80,200000,35,0.08464285714285714,2800,2678,149365
384,88,200000,35,0.09772727272727273,3080,2927,136659
384,96,200000,35,0.08630952380952381,3360,3214,124456
384,104,200000,35,0.09752747252747253,3640,3458,115674
384,112,200000,35,0.08418367346938775,3920,3755,106525
384,120,200000,35,0.09976190476190476,4200,3989,100276
384,128,200000,35,0.0859375,4480,4284,93371
384,136,200000,35,0.08256302521008403,4760,4561,87700
384,144,200000,35,0.08392857142857142,5040,4824,82919
384,152,200000,35,0.08477443609022556,5320,5090,78585
384,160,200000,35,0.08803571428571429,5600,5349,74780
384,168,200000,35,0.08384353741496599,5880,5632,71023
384,176,200000,35,0.08668831168831169,6160,5890,67912
384,184,200000,35,0.09829192546583851,6440,6118,65381
384,192,200000,35,0.08110119047619048,6720,6443,62083
384,200,200000,35,0.088,7000,6687,59818
384,208,200000,35,0.08118131868131868,7280,6980,57307
384,216,200000,35,0.0791005291005291,7560,7259,55104
384,224,200000,35,0.08826530612244898,7840,7488,53419
384,232,200000,35,0.08509852216748769,8120,7769,51487
384,240,200000,35,0.08607142857142858,8400,8032,49801
384,248,200000,35,0.08744239631336405,8680,8296,48216
384,256,200000,35,0.08537946428571429,8960,8574,46653
384,264,200000,35,0.08831168831168831,9240,8828,45310
384,272,200000,35,0.08949579831932773,9520,9088,44014
384,280,200000,35,0.08765306122448979,9800,9364,42717
384,288,200000,35,0.08194444444444444,10080,9660,41408
384,296,200000,35,0.07944015444015444,10360,9941,40237
384,304,200000,35,0.08110902255639098,10640,10203,39204
384,312,200000,35,0.08525641025641026,10920,10452,38270
384,320,200000,35,0.08589285714285715,11200,10713,37338
384,328,200000,35,0.08911149825783972,11480,10959,36500
384,336,200000,35,0.08630952380952381,11760,11247,35565
384,344,200000,35,0.08222591362126246,12040,11538,34668
384,352,200000,35,0.0875,12320,11772,33979
384,360,200000,35,0.08873015873015873,12600,12030,33250
384,368,200000,35,0.08253105590062111,12880,12341,32412
384,376,200000,35,0.08541033434650457,13160,12591,31769
384,8,200000,37,0.10810810810810811,296,280,1428571
384,16,200000,37,0.0777027027027027,592,569,702988
384,24,200000,37,0.08896396396396396,888,848,471698
384,32,200000,37,0.10641891891891891,1184,1120,357143
384,40,200000,37,0.08445945945945946,1480,1417,282287
384,48,200000,37,0.09009009009009009,1776,1696,235849
384,56,200000,37,0.09218146718146718,2072,1975,202532
384,64,200000,37,0.09163851351351351,2368,2257,177226
384,72,200000,37,0.08933933933933934,2664,2543,157295
384,80,200000,37,0.08243243243243244,2960,2836,141044
384,88,200000,37,0.08783783783783784,3256,3112,128535
384,96,200000,37,0.09403153153153153,3552,3383,118238
384,104,200000,37,0.08393970893970894,3848,3685,108548
384,112,200000,37,0.08614864864864864,4144,3964,100908
384,120,200000,37,0.08963963963963964,4440,4237,94406
384,128,200000,37,0.09797297297297297,4736,4501,88869
384,136,200000,37,0.09121621621621621,5032,4799,83351
384,144,200000,37,0.08220720720720721,5328,5106,78339
384,152,200000,37,0.09157183499288762,5624,5360,74627
384,160,200000,37,0.0891891891891892,5920,5651,70784
384,168,200000,37,0.0805984555984556,6216,5961,67103
384,176,200000,37,0.08522727272727272,6512,6231,64195
384,184,200000,37,0.09312573443008225,6808,6487,61662
384,192,200000,37,0.09656531531531531,7104,6753,59233
384,200,200000,37,0.09216216216216216,7400,7051,56730
384,208,200000,37,0.10005197505197505,7696,7302,54780
384,216,200000,37,0.09084084084084085,7992,7624,52466
384,224,200000,37,0.08952702702702703,8288,7912,50556
384,232,200000,37,0.09063373718546132,8584,8188,48852
384,240,200000,37,0.08941441441441442,8880,8476,47192
384,248,200000,37,0.08936355710549258,9176,8762,45652
384,256,200000,37,0.08540962837837837,9472,9060,44150
384,264,200000,37,0.08998771498771499,9768,9324,42900
384,272,200000,37,0.0889308426073132,10064,9608,41632
384,280,200000,37,0.08793436293436294,10360,9899,40408
384,288,200000,37,0.09027777777777778,10656,10169,39335
384,296,200000,37,0.09085098612125639,10952,10442,38307
384,304,200000,37,0.08819345661450925,11248,10745,37227
384,312,200000,37,0.08471933471933472,11544,11048,36206
384,320,200000,37,0.07947635135135135,11840,11365,35196
384,328,200000,37,0.08651944627554384,12136,11601,34480
384,336,200000,37,0.087998712998713,12432,11875,33684
384,344,200000,37,0.08689503456945318,12728,12167,32876
384,352,200000,37,0.0871468058968059,13024,12447,32136
384,360,200000,37,0.08603603603603603,13320,12742,31392
384,368,200000,37,0.09062867215041127,13616,12986,30802
384,376,200000,37,0.0940914318573893,13912,13247,30196
384,8,200000,39,0.07051282051282051,312,301,1328904
384,16,200000,39,0.10416666666666667,624,591,676819
384,24,200000,39,0.08653846153846154,936,895,446927
384,32,200000,39,0.0889423076923077,1248,1192,335570
384,40,200000,39,0.08333333333333333,1560,1494,267738
384,48,200000,39,0.1014957264957265,1872,1775,225352
384,56,200000,39,0.08470695970695971,2184,2091,191296
384,64,200000,39,0.0921474358974359,2496,2379,168138
384,72,200000,39,0.0876068376068376,2808,2684,149031
384,80,200000,39,0.08717948717948718,3120,2981,134183
384,88,200000,39,0.09761072261072261,3432,3262,122624
384,96,200000,39,0.09081196581196581,3744,3572,111982
384,104,200000,39,0.08530571992110454,4056,3880,103093
384,112,200000,39,0.10004578754578755,4368,4145,96502
384,120,200000,39,0.09893162393162393,4680,4446,89969
384,128,200000,39,0.0907451923076923,4992,4764,83963
384,136,200000,39,0.09671945701357466,5304,5044,79302
384,144,200000,39,0.09401709401709402,5616,5349,74780
384,152,200000,39,0.09345479082321187,5928,5648,70822
384,160,200000,39,0.09310897435897436,6240,5945,67283
384,168,200000,39,0.09859584859584859,6552,6223,64278
384,176,200000,39,0.09396853146853147,6864,6536,61200
384,184,200000,39,0.0898829431438127,7176,6846,58428
384,192,200000,39,0.09495192307692307,7488,7128,56117
384,200,200000,39,0.09474358974358975,7800,7424,53879
384,208,200000,39,0.08690828402366864,8112,7756,51573
384,216,200000,39,0.09128679962013295,8424,8035,49782
384,224,200000,39,0.08905677655677656,8736,8343,47944
384,232,200000,39,0.09129089301503095,9048,8628,46361
384,240,200000,39,0.0875,9360,8945,44718
384,248,200000,39,0.09201819685690653,9672,9219,43389
384,256,200000,39,0.0882411858974359,9984,9537,41942
384,264,200000,39,0.08867521367521368,10296,9833,40679
384,272,200000,39,0.09766214177978884,10608,10083,39671
384,280,200000,39,0.09569597069597069,10920,10388,38506
384,288,200000,39,0.09775641025641026,11232,10675,37471
384,296,200000,39,0.09953222453222453,11544,10960,36496
384,304,200000,39,0.09387651821862349,11856,11291,35426
384,312,200000,39,0.09048323471400395,12168,11607,34462
384,320,200000,39,0.09166666666666666,12480,11899,33616
384,328,200000,39,0.08958724202626642,12792,12208,32765
384,336,200000,39,0.09539072039072038,13104,12470,32077
384,344,200000,39,0.09250149075730471,13416,12787,31282
384,352,200000,39,0.09593531468531469,13728,13056,30637
384,360,200000,39,0.09316239316239316,14040,13375,29907
384,368,200000,39,0.09294871794871795,14352,13673,29255
384,376,200000,39,0.0953355155482815,14664,13955,28664
384,8,200000,41,0.09451219512195122,328,312,1282051
384,16,200000,41,0.08689024390243902,656,627,637959
384,24,200000,41,0.08333333333333333,984,943,424178
384,32,200000,41,0.1013719512195122,1312,1245,321285
384,40,200000,41,0.09695121951219512,1640,1559,256575
384,48,200000,41,0.11077235772357724,1968,1859,215169
384,56,200000,41,0.11846689895470383,2296,2159,185271
384,64,200000,41,0.10899390243902439,2624,2479,161355
384,72,200000,41,0.11009485094850949,2952,2787,143524
384,80,200000,41,0.11341463414634147,3280,3092,129366
384,88,200000,41,0.10310421286031042,3608,3418,117028
384,96,200000,41,0.10442073170731707,3936,3726,107354
384,104,200000,41,0.0949812382739212,4264,4055,98644
384,112,200000,41,0.10518292682926829,4592,4347,92017
384,120,200000,41,0.10386178861788618,4920,4657,85892
384,128,200000,41,0.10060975609756098,5248,4979,80337
384,136,200000,41,0.11244619799139167,5576,5255,76118
384,144,200000,41,0.0989159891598916,5904,5605,71365
384,152,200000,41,0.10157252888318356,6232,5912,67659
384,160,200000,41,0.09878048780487805,6560,6231,64195
384,168,200000,41,0.09277003484320558,6888,6561,60966
384,176,200000,41,0.09562084257206209,7216,6864,58275
384,184,200000,41,0.10087486744432662,7544,7159,55874
384,192,200000,41,0.09400406504065041,7872,7492,53390
384,200,200000,41,0.1048780487804878,8200,7761,51540
384,208,200000,41,0.09638836772983114,8528,8108,49334
384,216,200000,41,0.09925474254742547,8856,8411,47557
384,224,200000,41,0.10060975609756098,9184,8717,45887
384,232,200000,41,0.09766610597140454,9512,9039,44253
384,240,200000,41,0.09735772357723577,9840,9355,42758
384,248,200000,41,0.09726593233674272,10168,9661,41404
384,256,200000,41,0.10127667682926829,10496,9957,40173
384,264,200000,41,0.09913155949741316,10824,10274,38933
384,272,200000,41,0.10276183644189384,11152,10570,37843
384,280,200000,41,0.10461672473867596,11480,10864,36819
384,288,200000,41,0.09434281842818429,11808,11239,35590
384,296,200000,41,0.1021753460777851,12136,11504,34771
384,304,200000,41,0.09884467265725289,12464,11835,33798
384,312,200000,41,0.09849906191369606,12792,12153,32914
384,320,200000,41,0.09794207317073171,13120,12463,32095
384,328,200000,41,0.10209696609161213,13448,12751,31370
384,336,200000,41,0.1019163763066202,13776,13063,30621
384,344,200000,41,0.09841179807146909,14104,13396,29860
384,352,200000,41,0.09631374722838137,14432,13726,29142
384,360,200000,41,0.10264227642276423,14760,13992,28588
384,368,200000,41,0.09795864262990456,15088,14332,27910
384,376,200000,41,0.09944213803840166,15416,14633,27335
384,8,200000,43,0.13953488372093023,344,320,1250000
384,16,200000,43,0.11482558139534883,688,648,617284
384,24,200000,43,0.10755813953488372,1032,974,410678
384,32,200000,43,0.10101744186046512,1376,1305,306513
384,40,200000,43,0.1186046511627907,1720,1617,247372
384,48,200000,43,0.09593023255813954,2064,1965,203562
384,56,200000,43,0.09966777408637874,2408,2286,174978
384,64,200000,43,0.11228197674418605,2752,2594,154202
384,72,200000,43,0.10174418604651163,3096,2937,136193
384,80,200000,43,0.1002906976744186,3440,3263,122587
384,88,200000,43,0.10068710359408034,3784,3590,111421
384,96,200000,43,0.10077519379844961,4128,3916,102145
384,104,200000,43,0.1073345259391771,4472,4230,94563
384,112,200000,43,0.10091362126245847,4816,4569,87547
384,120,200000,43,0.10155038759689923,5160,4891,81783
384,128,200000,43,0.10101744186046512,5504,5221,76614
384,136,200000,43,0.10345417236662106,5848,5541,72189
384,144,200000,43,0.10723514211886305,6192,5856,68306
384,152,200000,43,0.10281517747858017,6536,6196,64558
384,160,200000,43,0.10232558139534884,6880,6524,61312
384,168,200000,43,0.10949612403100775,7224,6823,58625
384,176,200000,43,0.10887949260042283,7568,7151,55936
384,184,200000,43,0.11413043478260869,7912,7454,53662
384,192,200000,43,0.09774709302325581,8256,7844,50994
384,200,200000,43,0.09988372093023255,8600,8160,49020
384,208,200000,43,0.10442754919499106,8944,8471,47220
384,216,200000,43,0.10831180017226529,9288,8771,45605
384,224,200000,43,0.10039451827242525,9632,9139,43768
384,232,200000,43,0.10555332798716921,9976,9443,42359
384,240,200000,43,0.1057170542635659,10320,9766,40958
384,248,200000,43,0.10024381095273818,10664,10120,39526
384,256,200000,43,0.1081031976744186,11008,10405,38443
384,264,200000,43,0.10500352360817478,11352,10745,37227
384,272,200000,43,0.099093707250342,11696,11105,36020
384,280,200000,43,0.09916943521594684,12040,11432,34990
384,288,200000,43,0.1025516795865633,12384,11737,34080
384,296,200000,43,0.11030798240100566,12728,12015,33292
384,304,200000,43,0.10457466340269278,13072,12374,32326
384,312,200000,43,0.09950805008944544,13416,12733,31414
384,320,200000,43,0.09992732558139535,13760,13063,30621
384,328,200000,43,0.09699376063528077,14104,13409,29831
384,336,200000,43,0.1016749723145072,14448,13703,29191
384,344,200000,43,0.10722011898323418,14792,13987,28598
384,352,200000,43,0.09956395348837209,15136,14368,27840
384,360,200000,43,0.10355297157622739,15480,14666,27274
384,368,200000,43,0.09921638018200202,15824,15025,26622
384,376,200000,43,0.10959920831271648,16168,15267,26200
384,8,200000,45,0.08888888888888889,360,344,1162791
384,16,200000,45,0.09027777777777778,720,686,583090
384,24,200000,45,0.08888888888888889,1080,1031,387973
384,32,200000,45,0.10486111111111111,1440,1363,293470
384,40,200000,45,0.11666666666666667,1800,1693,236267
384,48,200000,45,0.09444444444444444,2160,2056,194553
384,56,200000,45,0.1007936507936508,2520,2390,167364
384,64,200000,45,0.11979166666666667,2880,2704,147929
384,72,200000,45,0.1169753086419753,3240,3047,131277
384,80,200000,45,0.10361111111111111,3600,3412,117233
384,88,200000,45,0.12196969696969696,3960,3713,107730
384,96,200000,45,0.11134259259259259,4320,4075,98160
384,104,200000,45,0.10213675213675213,4680,4437,90151
384,112,200000,45,0.10853174603174603,5040,4764,83963
384,120,200000,45,0.10703703703703704,5400,5106,78339
384,128,200000,45,0.1171875,5760,5415,73869
384,136,200000,45,0.11176470588235295,6120,5771,69312
384,144,200000,45,0.11203703703703703,6480,6112,65445
384,152,200000,45,0.10307017543859649,6840,6480,61728
384,160,200000,45,0.10194444444444445,7200,6826,58599
384,168,200000,45,0.10687830687830688,7560,7147,55968
384,176,200000,45,0.10845959595959596,7920,7486,53433
384,184,200000,45,0.10954106280193236,8280,7817,51171
384,192,200000,45,0.10578703703703704,8640,8173,48942
384,200,200000,45,0.10266666666666667,9000,8529,46899
384,208,200000,45,0.10801282051282052,9360,8845,45223
384,216,200000,45,0.11069958847736626,9720,9168,43630
384,224,200000,45,0.11468253968253968,10080,9490,42150
384,232,200000,45,0.11015325670498084,10440,9855,40589
384,240,200000,45,0.10851851851851851,10800,10204,39200
384,248,200000,45,0.11424731182795698,11160,10512,38052
384,256,200000,45,0.11085069444444444,11520,10868,36805
384,264,200000,45,0.1037037037037037,11880,11255,35540
384,272,200000,45,0.10073529411764706,12240,11616,34435
384,280,200000,45,0.11134920634920635,12600,11885,33656
384,288,200000,45,0.11010802469135803,12960,12234,32696
384,296,200000,45,0.10878378378378378,13320,12586,31781
384,304,200000,45,0.11008771929824561,13680,12914,30974
384,312,200000,45,0.09935897435897435,14040,13328,30012
384,320,200000,45,0.10902777777777778,14400,13602,29407
384,328,200000,45,0.10677506775067751,14760,13956,28662
384,336,200000,45,0.10205026455026454,15120,14333,27908
384,344,200000,45,0.10251937984496123,15480,14669,27268
384,352,200000,45,0.11369949494949495,15840,14917,26815
384,360,200000,45,0.10907407407407407,16200,15301,26142
384,368,200000,45,0.10905797101449276,16560,15636,25582
384,376,200000,45,0.11317966903073286,16920,15938,25097
384,8,200000,47,0.1276595744680851,376,352,1136364
384,16,200000,47,0.12101063829787234,752,706,566572
384,24,200000,47,0.11879432624113476,1128,1061,377003
384,32,200000,47,0.1356382978723404,1504,1397,286328
384,40,200000,47,0.11595744680851064,1880,1770,225989
384,48,200000,47,0.10904255319148937,2256,2132,187617
384,56,200000,47,0.128419452887538,2632,2458,162734
384,64,200000,47,0.11369680851063829,3008,2833,141193
384,72,200000,47,0.11997635933806147,3384,3179,125826
384,80,200000,47,0.10478723404255319,3760,3559,112391
384,88,200000,47,0.11629593810444874,4136,3889,102854
384,96,200000,47,0.11170212765957446,4512,4255,94007
384,104,200000,47,0.10986088379705401,4888,4616,86655
384,112,200000,47,0.1145516717325228,5264,4955,80727
384,120,200000,47,0.11666666666666667,5640,5304,75415
384,128,200000,47,0.11702127659574468,6016,5659,70684
384,136,200000,47,0.10998122653316646,6392,6034,66291
384,144,200000,47,0.11007683215130024,6768,6392,62578
384,152,200000,47,0.10778275475923853,7144,6747,59286
384,160,200000,47,0.11422872340425531,7520,7079,56505
384,168,200000,47,0.11714792299898683,7896,7423,53887
384,176,200000,47,0.11508704061895551,8272,7787,51368
384,184,200000,47,0.10719241443108234,8648,8174,48936
384,192,200000,47,0.11502659574468085,9024,8495,47087
384,200,200000,47,0.11031914893617022,9400,8874,45076
384,208,200000,47,0.11661211129296235,9776,9192,43516
384,216,200000,47,0.11002758077226163,10152,9587,41723
384,224,200000,47,0.10761778115501519,10528,9952,40193
384,232,200000,47,0.11702127659574468,10904,10254,39009
384,240,200000,47,0.11303191489361702,11280,10629,37633
384,248,200000,47,0.11521962937542897,11656,10966,36476
384,256,200000,47,0.11220079787234043,12032,11347,35252
384,264,200000,47,0.11629593810444874,12408,11672,34270
384,272,200000,47,0.109590112640801,12784,12073,33132
384,280,200000,47,0.10972644376899696,13160,12420,32206
384,288,200000,47,0.11229314420803782,13536,12760,31348
384,296,200000,47,0.11623059229442208,13912,13089,30560
384,304,200000,47,0.11709126539753639,14288,13436,29771
384,312,200000,47,0.11790780141843972,14664,13782,29023
384,320,200000,47,0.11702127659574468,15040,14139,28291
384,328,200000,47,0.11072911261027504,15416,14547,27497
384,336,200000,47,0.10790273556231003,15792,14917,26815
384,344,200000,47,0.11417615042058386,16168,15230,26264
384,352,200000,47,0.10716876208897486,16544,15645,25567
384,360,200000,47,0.11158392434988179,16920,15960,25063
384,368,200000,47,0.11731036077705828,17296,16257,24605
384,376,200000,47,0.11311679492983251,17672,16650,24024
384,8,200000,49,0.15051020408163265,392,362,1104972
384,16,200000,49,0.10204081632653061,784,744,537634
384,24,200000,49,0.1054421768707483,1176,1113,359389
384,32,200000,49,0.11415816326530612,1568,1476,271003
384,40,200000,49,0.11122448979591837,1960,1846,216685
384,48,200000,49,0.12074829931972789,2352,2209,181077
384,56,200000,49,0.12208454810495627,2744,2573,155461
384,64,200000,49,0.13042091836734693,3136,2928,136612
384,72,200000,49,0.11819727891156463,3528,3315,120664
384,80,200000,49,0.11989795918367346,3920,3681,108666
384,88,200000,49,0.11525974025974026,4312,4059,98546
384,96,200000,49,0.12329931972789115,4704,4407,90765
384,104,200000,49,0.11872056514913658,5096,4786,83577
384,112,200000,49,0.11643586005830904,5488,5163,77474
384,120,200000,49,0.12091836734693878,5880,5518,72490
384,128,200000,49,0.10762117346938775,6272,5927,67488
384,136,200000,49,0.12259903961584634,6664,6249,64010
384,144,200000,49,0.12174036281179139,7056,6618,60441
384,152,200000,49,0.11627282491944146,7448,7007,57086
384,160,200000,49,0.11989795918367346,7840,7362,54333
384,168,200000,49,0.11819727891156463,8232,7739,51686
384,176,200000,49,0.11653525046382189,8624,8108,49334
384,184,200000,49,0.11302129547471162,9016,8498,47070
384,192,200000,49,0.11468962585034014,9408,8860,45147
384,200,200000,49,0.11357142857142857,9800,9233,43323
384,208,200000,49,0.1163657770800628,10192,9588,41719
384,216,200000,49,0.11564625850340136,10584,9960,40161
384,224,200000,49,0.11898688046647231,10976,10312,38790
384,232,200000,49,0.1261435608726249,11368,10634,37615
384,240,200000,49,0.11938775510204082,11760,11045,36215
384,248,200000,49,0.11545424621461488,12152,11434,34983
384,256,200000,49,0.12181122448979592,12544,11762,34008
384,264,200000,49,0.11641929499072357,12936,12168,32873
384,272,200000,49,0.1285264105642257,13328,12448,32134
384,280,200000,49,0.11158892128279883,13720,12938,30917
384,288,200000,49,0.11415816326530612,14112,13295,30086
384,296,200000,49,0.11907060121345836,14504,13631,29345
384,304,200000,49,0.11835392051557465,14896,13997,28578
384,312,200000,49,0.11767399267399267,15288,14371,27834
384,320,200000,49,0.11645408163265306,15680,14754,27111
384,328,200000,49,0.1136759581881533,16072,15140,26420
384,336,200000,49,0.12159863945578231,16464,15435,25915
384,344,200000,49,0.1193046986236355,16856,15829,25270
384,352,200000,49,0.11978200371057514,17248,16195,24699
384,360,200000,49,0.11536281179138322,17640,16603,24092
384,368,200000,49,0.11584960070984916,18032,16965,23578
384,376,200000,49,0.11973512809379071,18424,17302,23119
