number_of_tag_barcode,number_of_pcr_index,input_cell_number,tag_sort_cell_number,pcr_sort_cell_number,collision_rate,total_nuclei,recovered_barcode,cluster_per_nucleus
384,1,12000,37,38,0.10526315789473684,38,36,11111111
384,17,12000,34,37,0.07584830339321358,501,482,829876
384,33,12000,36,18,0.05656350053361793,937,910,439560
384,49,12000,38,33,0.0676132521974307,1479,1429,279916
384,65,12000,38,28,0.07610431080361894,1879,1806,221484
384,81,12000,36,25,0.09150043365134432,2306,2199,181901
384,97,12000,32,33,0.08338914936369725,2986,2859,139909
384,113,12000,30,37,0.07273857631333541,3217,3099,129074
384,129,12000,45,24,0.08655569782330345,3905,3735,107095
384,145,12000,26,25,0.08671065032987747,4244,4058,98571
384,161,12000,37,40,0.08541533205210335,4683,4482,89246
384,177,12000,32,20,0.08409223018794808,5161,4940,80972
384,193,12000,38,38,0.08526187576126674,5747,5498,72754
384,209,12000,28,28,0.07799264823397795,6257,6009,66567
384,225,12000,29,35,0.07760371337394836,6894,6620,60423
384,241,12000,29,45,0.07555430024007909,7081,6811,58729
384,257,12000,40,18,0.083625503181405,7701,7377,54223
384,273,12000,31,20,0.08667466986794718,8330,7963,50232
384,289,12000,42,25,0.08327444051825678,8490,8132,49188
384,305,12000,22,17,0.0775890410958904,9125,8766,45631
384,321,12000,35,34,0.0941140404659718,9786,9320,42918
384,337,12000,32,29,0.07564414195430239,10285,9888,40453
384,353,12000,30,30,0.07905062685424442,10449,10030,39880
384,369,12000,32,29,0.0811385269383606,10821,10378,38543
384,1,16000,54,31,0.06451612903225806,31,30,13333333
384,17,16000,42,21,0.061946902654867256,452,438,913242
384,33,16000,42,17,0.0736318407960199,1005,968,413223
384,49,16000,38,45,0.0689419795221843,1465,1413,283086
384,65,16000,53,49,0.07893413775766717,1989,1909,209534
384,81,16000,31,24,0.08011623080116231,2409,2311,173085
384,97,16000,50,44,0.07479224376731301,2888,2779,143937
384,113,16000,33,32,0.08735564110156945,3377,3228,123916
384,129,16000,42,33,0.08481314603763583,3773,3609,110834
384,145,16000,51,30,0.08603701033405431,4161,3978,100553
384,161,16000,40,31,0.0856453558504222,4974,4758,84069
384,177,16000,41,35,0.07655764662890553,5473,5259,76060
384,193,16000,47,37,0.08587162278437446,5811,5557,71981
384,209,16000,37,18,0.07765579593154666,6194,5952,67204
384,225,16000,45,22,0.08358208955223881,7035,6735,59391
384,241,16000,45,34,0.08345793122196547,7357,7049,56746
384,257,16000,50,43,0.07652332077432766,7697,7396,54083
384,273,16000,47,46,0.08833453844299831,8298,7926,50467
384,289,16000,43,49,0.07974113024384606,8653,8303,48175
384,305,16000,45,22,0.08068303094983992,9370,8985,44519
384,321,16000,31,53,0.0747800586510264,9548,9186,43545
384,337,16000,38,34,0.08418568056648308,10168,9736,41085
384,353,16000,44,37,0.08130619971604354,10565,10128,39494
384,369,16000,49,19,0.08075772681954138,11033,10579,37811
384,1,20000,51,33,0.0,33,33,12121212
384,17,20000,46,42,0.0931098696461825,537,512,781250
384,33,20000,42,18,0.09404990403071017,1042,992,403226
384,49,20000,33,39,0.0850498338870432,1505,1441,277585
384,65,20000,64,31,0.08158280410356619,2047,1962,203874
384,81,20000,53,27,0.08237302603499787,2343,2245,178174
384,97,20000,67,28,0.09097127222982217,2924,2789,143421
384,113,20000,45,40,0.08430571761960327,3428,3281,121914
384,129,20000,51,17,0.07334766254701773,3722,3583,111638
384,145,20000,44,25,0.08450704225352113,4189,4010,99751
384,161,20000,64,33,0.08272708376636874,4811,4610,86768
384,177,20000,48,36,0.09243384271338054,5366,5114,78217
384,193,20000,55,35,0.08035714285714286,5824,5586,71608
384,209,20000,49,24,0.08778441181216717,6197,5922,67545
384,225,20000,33,37,0.08578008059873345,6948,6645,60196
384,241,20000,54,43,0.07852675469075747,7195,6907,57912
384,257,20000,50,25,0.07613355852929712,7697,7398,54069
384,273,20000,36,27,0.07818181818181819,8250,7922,50492
384,289,20000,51,18,0.07700228832951946,8740,8398,47630
384,305,20000,69,32,0.08528943175783324,9415,9009,44400
384,321,20000,39,21,0.07889524647887323,9088,8724,45851
384,337,20000,64,30,0.07720958324944635,9934,9546,41902
384,353,20000,50,42,0.0812710911136108,10668,10230,39101
384,369,20000,36,34,0.07581128988273793,11001,10577,37818
384,1,24000,68,30,0.0,30,30,13333333
384,17,24000,46,27,0.09727626459143969,514,489,817996
384,33,24000,79,36,0.08047105004906771,1019,978,408998
384,49,24000,41,42,0.06465833945628215,1361,1316,303951
384,65,24000,67,29,0.08275120902740463,1861,1784,224215
384,81,24000,56,31,0.07203032855939343,2374,2286,174978
384,97,24000,71,28,0.09202250910294604,3021,2880,138889
384,113,24000,49,30,0.08157361874457622,3457,3314,120700
384,129,24000,33,26,0.09517983851235626,4087,3891,102801
384,145,24000,73,27,0.07777777777777778,4410,4237,94406
384,161,24000,61,40,0.0757700205338809,4870,4684,85397
384,177,24000,54,26,0.07608286252354049,5310,5106,78339
384,193,24000,75,31,0.08002138656211014,5611,5383,74308
384,209,24000,80,36,0.08265241986172218,6364,6097,65606
384,225,24000,60,20,0.0775716694772344,6523,6266,63837
384,241,24000,47,31,0.08558558558558559,7326,7006,57094
384,257,24000,61,42,0.08638642499035866,7779,7434,53807
384,273,24000,79,21,0.08072727272727273,8250,7911,50563
384,289,24000,60,7,0.08640421149004349,8738,8355,47876
384,305,24000,74,22,0.07825988187187642,8804,8457,47298
384,321,24000,45,35,0.0863022113022113,9768,9337,42840
384,337,24000,67,32,0.0811186037286791,10084,9667,41378
384,353,24000,69,33,0.08220906532078036,10303,9871,40523
384,369,24000,61,33,0.07675378266850069,10905,10481,38164
384,1,28000,72,21,0.0,21,21,19047619
384,17,28000,90,24,0.10586011342155009,529,501,798403
384,33,28000,70,45,0.09990300678952474,1031,978,408998
384,49,28000,62,24,0.08967971530249111,1405,1341,298285
384,65,28000,65,14,0.0593311758360302,1854,1797,222593
384,81,28000,77,17,0.10445912469033856,2422,2293,174444
384,97,28000,76,36,0.0893371757925072,3123,2981,134183
384,113,28000,64,32,0.08541973490427099,3395,3248,123153
384,129,28000,81,23,0.08255298176441597,4058,3888,102881
384,145,28000,42,25,0.09751986515771731,4153,3947,101343
384,161,28000,80,15,0.08449531737773153,4805,4597,87013
384,177,28000,64,29,0.08523047977422389,5315,5082,78709
384,193,28000,78,38,0.09235668789808917,5652,5388,74239
384,209,28000,56,29,0.07282051282051281,5850,5631,71035
384,225,28000,75,32,0.08549734244495065,6585,6297,63522
384,241,28000,68,37,0.08069444444444444,7200,6904,57937
384,257,28000,70,21,0.0827595001275185,7842,7514,53234
384,273,28000,88,20,0.07949444838176234,8466,8125,49231
384,289,28000,79,41,0.08157064391726072,8557,8204,48757
384,305,28000,79,45,0.08594669806272075,9343,8936,44763
384,321,28000,75,38,0.07803974055389684,9713,9329,42877
384,337,28000,62,31,0.0805430788076766,9796,9397,42567
384,353,28000,73,26,0.08281264571481861,10723,10272,38941
384,369,28000,96,32,0.07590200445434299,11225,10790,37071
384,1,32000,79,43,0.046511627906976744,43,42,9523810
384,17,32000,73,29,0.07874015748031496,508,488,819672
384,33,32000,84,26,0.0673469387755102,980,947,422386
384,49,32000,81,24,0.07753623188405798,1380,1325,301887
384,65,32000,75,28,0.0938818565400844,1896,1806,221484
384,81,32000,93,40,0.0885547201336675,2394,2286,174978
384,97,32000,69,12,0.08286516853932584,2848,2729,146574
384,113,32000,110,44,0.08660984327742645,3637,3477,115042
384,129,32000,92,10,0.08277634961439588,3890,3727,107325
384,145,32000,102,26,0.08411875589066918,4244,4063,98449
384,161,32000,100,36,0.08080194410692589,4938,4737,84442
384,177,32000,84,26,0.08330301927973809,5498,5264,75988
384,193,32000,124,21,0.0781871648503719,5781,5551,72059
384,209,32000,60,38,0.08260245574868443,6271,6008,66578
384,225,32000,83,54,0.07741267021906453,6756,6493,61605
384,241,32000,82,31,0.0896386222473179,7084,6762,59154
384,257,32000,76,2,0.08734543541173376,7602,7263,55074
384,273,32000,90,36,0.0740830701967452,8234,7923,50486
384,289,32000,80,36,0.08646574105429507,8859,8470,47226
384,305,32000,64,31,0.08604104318084652,9356,8948,44703
384,321,32000,74,26,0.0888455217748562,9736,9295,43034
384,337,32000,105,42,0.0826645264847512,9968,9549,41889
384,353,32000,78,21,0.08954121665282008,10833,10336,38700
384,369,32000,78,37,0.0817325117796303,11036,10579,37811
384,1,36000,97,22,0.0,22,22,18181818
384,17,36000,107,61,0.09464285714285714,560,533,750469
384,33,36000,122,28,0.08707865168539326,1068,1021,391773
384,49,36000,112,43,0.08333333333333333,1452,1391,287563
384,65,36000,137,25,0.08799222168206125,2057,1966,203459
384,81,36000,94,35,0.08822287885183622,2369,2261,176913
384,97,36000,121,49,0.09712950600801068,2996,2848,140449
384,113,36000,133,34,0.0834516037468067,3523,3374,118554
384,129,36000,132,24,0.08716198477290628,3809,3639,109920
384,145,36000,111,28,0.08465368945224083,4418,4225,94675
384,161,36000,96,52,0.08311893924401345,5053,4836,82713
384,177,36000,88,34,0.08125458547322084,5452,5227,76526
384,193,36000,124,37,0.08828302499188576,6162,5886,67958
384,209,36000,104,39,0.08035163479333744,6484,6219,64319
384,225,36000,58,38,0.07658959537572255,6920,6651,60141
384,241,36000,62,27,0.08640915593705294,6990,6684,59844
384,257,36000,92,14,0.08363636363636363,7700,7371,54267
384,273,36000,91,32,0.07827788649706457,8176,7850,50955
384,289,36000,96,35,0.09146968139773895,8757,8351,47898
384,305,36000,112,28,0.08850548958099932,8926,8527,46910
384,321,36000,103,36,0.07618129218900675,9333,8972,44583
384,337,36000,91,36,0.08531328320802005,9975,9542,41920
384,353,36000,84,28,0.08296309728896545,11029,10564,37864
384,369,36000,105,33,0.07972317095092576,11126,10675,37471
384,1,40000,99,36,0.0,36,36,11111111
384,17,40000,164,19,0.08281573498964803,483,463,863931
384,33,40000,124,33,0.07916666666666666,960,922,433839
384,49,40000,101,24,0.07511045655375552,1358,1306,306279
384,65,40000,124,26,0.087,2000,1913,209096
384,81,40000,130,24,0.09772636617471081,2507,2383,167856
384,97,40000,75,15,0.0844508880028996,2759,2642,151400
384,113,40000,62,20,0.07584097859327217,3270,3144,127226
384,129,40000,99,26,0.08116464828652409,3881,3723,107440
384,145,40000,85,23,0.07464454976303317,4220,4062,98474
384,161,40000,95,26,0.08319672131147542,4880,4674,85580
384,177,40000,113,22,0.08318098720292505,5470,5238,76365
384,193,40000,98,45,0.08899143045484509,6068,5794,69037
384,209,40000,130,18,0.07659364190413441,6071,5837,68528
384,225,40000,93,27,0.07539682539682539,6552,6300,63492
384,241,40000,96,20,0.08179419525065963,7201,6904,57937
384,257,40000,113,44,0.08133280860553588,7623,7309,54727
384,273,40000,125,43,0.07589668258048721,8169,7856,50916
384,289,40000,124,9,0.0748266794166866,8366,8049,49696
384,305,40000,49,34,0.08715144887916894,9145,8742,45756
384,321,40000,82,34,0.07864588708845081,9689,9303,42997
384,337,40000,121,32,0.08199225911590956,9818,9408,42517
384,353,40000,67,27,0.07926715273882969,10698,10269,38952
384,369,40000,91,22,0.0848777867311308,11169,10687,37429
384,1,44000,111,29,0.13793103448275862,29,27,14814815
384,17,44000,135,39,0.07889546351084813,507,487,821355
384,33,44000,68,34,0.10223953261927946,1027,973,411100
384,49,44000,84,37,0.07538358905937291,1499,1442,277393
384,65,44000,104,23,0.08506113769271664,1881,1801,222099
384,81,44000,121,32,0.08313155770782889,2478,2373,168563
384,97,44000,112,26,0.07970762269404803,2873,2758,145033
384,113,44000,122,28,0.08149910767400356,3362,3222,124146
384,129,44000,93,35,0.08147963009247688,4001,3836,104275
384,145,44000,154,21,0.07537077558959397,4113,3956,101112
384,161,44000,164,27,0.08047982551799346,4585,4398,90950
384,177,44000,118,32,0.09188660801564028,5115,4876,82034
384,193,44000,92,28,0.07696390658174097,5652,5433,73624
384,209,44000,116,31,0.08651847113385575,6253,5975,66946
384,225,44000,118,17,0.08084540348802838,6766,6489,61643
384,241,44000,111,35,0.08904837852206274,7524,7182,55695
384,257,44000,121,33,0.07982855612108224,7466,7165,55827
384,273,44000,104,37,0.0823272540457231,7786,7462,53605
384,289,44000,134,8,0.08408200875374337,8682,8315,48106
384,305,44000,70,47,0.08407224958949097,9135,8746,45735
384,321,44000,151,23,0.07853742968411943,9244,8876,45065
384,337,44000,107,18,0.08702708185414343,9859,9422,42454
384,353,44000,90,20,0.0770552850186193,10473,10064,39746
384,369,44000,107,36,0.07655415799475161,11051,10620,37665
384,1,48000,86,22,0.09090909090909091,22,21,19047619
384,17,48000,161,44,0.08863198458574181,519,496,806452
384,33,48000,121,40,0.08055009823182711,1018,977,409417
384,49,48000,87,22,0.06996699669966996,1515,1462,273598
384,65,48000,137,26,0.07201225740551584,1958,1887,211977
384,81,48000,140,28,0.08015267175572519,2358,2263,176757
384,97,48000,116,15,0.07832618025751073,2796,2683,149087
384,113,48000,91,29,0.07867950481430537,3635,3490,114613
384,129,48000,199,45,0.0795066911571766,3811,3657,109379
384,145,48000,147,25,0.07889865802869042,4322,4149,96409
384,161,48000,91,46,0.08257638315441784,4844,4640,86207
384,177,48000,126,30,0.08624390243902438,5125,4899,81649
384,193,48000,165,36,0.07949040014354926,5573,5349,74780
384,209,48000,139,22,0.08869350609285824,6483,6190,64620
384,225,48000,163,36,0.08856418667064261,6707,6405,62451
384,241,48000,118,37,0.08230683090705487,7144,6845,58437
384,257,48000,117,30,0.09588519177038354,7874,7490,53405
384,273,48000,136,19,0.08450006195019205,8071,7725,51780
384,289,48000,88,25,0.07686948444031584,8612,8276,48333
384,305,48000,136,23,0.08697557235184576,9129,8720,45872
384,321,48000,159,29,0.08362585174478629,9686,9273,43136
384,337,48000,181,4,0.0833499900059964,10006,9582,41745
384,353,48000,149,19,0.081547064305685,10730,10284,38895
384,369,48000,114,18,0.08290155440414508,10808,10353,38636
384,1,52000,143,31,0.06451612903225806,31,30,13333333
384,17,52000,123,32,0.12897526501766785,566,528,757576
384,33,52000,140,17,0.07714016933207903,1063,1020,392157
384,49,52000,151,20,0.09223623092236231,1507,1437,278358
384,65,52000,135,30,0.08684347373894956,1923,1838,217628
384,81,52000,132,33,0.08295122967903293,2399,2298,174064
384,97,52000,124,41,0.0856851411084665,2941,2813,142197
384,113,52000,133,29,0.08673158855751674,3286,3142,127307
384,129,52000,139,24,0.0819630660258032,3953,3787,105625
384,145,52000,148,19,0.08425252288195259,4261,4078,98087
384,161,52000,123,34,0.06928799149840595,4705,4540,88106
384,177,52000,124,19,0.07961783439490445,5338,5125,78049
384,193,52000,147,15,0.08273695234770466,5729,5489,72873
384,209,52000,136,49,0.07785524568393094,6024,5787,69120
384,225,52000,128,20,0.0858709770529658,6929,6625,60377
384,241,52000,144,14,0.07830551989730423,7011,6733,59409
384,257,52000,98,41,0.08277548918640577,7768,7442,53749
384,273,52000,144,42,0.0853186977672446,8017,7669,52158
384,289,52000,165,24,0.08711475036961219,8793,8406,47585
384,305,52000,122,23,0.081419624217119,9101,8724,45851
384,321,52000,116,22,0.07728806410797132,9484,9112,43898
384,337,52000,145,21,0.0805239838181468,10382,9955,40181
384,353,52000,146,25,0.07973421926910298,10535,10109,39569
384,369,52000,148,19,0.08243826310474617,10893,10437,38325
384,1,56000,109,42,0.09523809523809523,42,40,10000000
384,17,56000,105,21,0.11324376199616124,521,491,814664
384,33,56000,146,33,0.08609865470852018,1115,1066,375235
384,49,56000,164,33,0.07547169811320754,1590,1530,261438
384,65,56000,118,25,0.07065497679216091,1939,1869,214018
384,81,56000,108,34,0.0785472972972973,2368,2273,175979
384,97,56000,120,31,0.07656023222060958,2756,2648,151057
384,113,56000,155,13,0.08493975903614458,3320,3176,125945
384,129,56000,193,47,0.0826592517694641,3956,3790,105541
384,145,56000,160,42,0.07509974184463741,4261,4099,97585
384,161,56000,146,23,0.07857733664185278,4836,4644,86133
384,177,56000,141,17,0.09111152347374281,5389,5140,77821
384,193,56000,170,34,0.08739730816290858,5721,5467,73166
384,209,56000,179,14,0.0910377358490566,6360,6066,65941
384,225,56000,154,34,0.08185460789925587,6988,6697,59728
384,241,56000,120,28,0.08463343918265911,7243,6932,57703
384,257,56000,166,22,0.08293140407288317,7464,7150,55944
384,273,56000,172,41,0.08819774863641638,8617,8230,48603
384,289,56000,112,32,0.08779692594317652,8588,8206,48745
384,305,56000,140,33,0.08555627846454131,9222,8823,45336
384,321,56000,164,13,0.08652951514524966,9673,9248,43253
384,337,56000,114,26,0.08675616108996193,9982,9543,41916
384,353,56000,121,31,0.08712406015037594,10640,10171,39327
384,369,56000,156,29,0.08700361010830325,11080,10588,37779
384,1,60000,123,19,0.10526315789473684,19,18,22222222
384,17,60000,173,32,0.08528784648187633,469,449,890869
384,33,60000,198,34,0.07601184600197433,1013,974,410678
384,49,60000,106,39,0.08477970627503338,1498,1433,279135
384,65,60000,175,28,0.07477619799894682,1899,1827,218938
384,81,60000,99,21,0.07422680412371134,2425,2334,171380
384,97,60000,197,21,0.08507718696397942,2915,2790,143369
384,113,60000,163,45,0.08598452278589853,3489,3334,119976
384,129,60000,124,14,0.09129738387613455,3746,3574,111919
384,145,60000,120,44,0.08191513501248014,4407,4224,94697
384,161,60000,104,34,0.08961303462321792,4910,4686,85361
384,177,60000,208,32,0.0846063454759107,5106,4884,81900
384,193,60000,127,25,0.09170530654301906,5823,5552,72046
384,209,60000,209,37,0.08085993903417295,6233,5977,66923
384,225,60000,122,29,0.08204428268122535,6594,6320,63291
384,241,60000,130,23,0.09076064770717104,7349,7010,57061
384,257,60000,114,27,0.08370400323493732,7419,7103,56314
384,273,60000,100,30,0.08249423753487808,8243,7898,50646
384,289,60000,136,42,0.08402690685212633,8771,8400,47619
384,305,60000,135,27,0.08561080013170892,9111,8715,45898
384,321,60000,158,30,0.08049183715643728,9678,9279,43108
384,337,60000,122,22,0.07708606598728686,9911,9525,41995
384,353,60000,144,35,0.08258200652215615,10426,9991,40036
384,369,60000,159,17,0.08726327515781657,10772,10298,38842
384,1,64000,170,31,0.1935483870967742,31,28,14285714
384,17,64000,167,47,0.0976027397260274,584,555,720721
384,33,64000,145,28,0.08145766345123258,933,895,446927
384,49,64000,181,28,0.08321775312066575,1442,1382,289436
384,65,64000,178,19,0.08399602385685885,2012,1925,207792
384,81,64000,167,32,0.08774834437086093,2416,2308,173310
384,97,64000,189,37,0.07565470417070805,3093,2974,134499
384,113,64000,146,51,0.07919301415236375,3321,3189,125431
384,129,64000,221,31,0.06870229007633588,3668,3540,112994
384,145,64000,150,26,0.09344958640733289,4473,4260,93897
384,161,64000,92,22,0.07230965546575925,4702,4530,88300
384,177,64000,198,24,0.08925898203592815,5344,5100,78431
384,193,64000,205,33,0.07800205268559698,5846,5614,71250
384,209,64000,130,32,0.08359872611464968,6280,6015,66500
384,225,64000,151,47,0.07874015748031496,6731,6461,61910
384,241,64000,177,42,0.0790109421628535,7037,6755,59215
384,257,64000,248,10,0.08158070997990623,7465,7155,55905
384,273,64000,190,25,0.07832288208533136,8133,7809,51223
384,289,64000,178,28,0.08029523596510847,8942,8579,46625
384,305,64000,235,38,0.0822084531976101,9038,8662,46179
384,321,64000,72,44,0.08492071937852506,9397,8992,44484
384,337,64000,112,27,0.0796039603960396,10100,9692,41271
384,353,64000,133,29,0.08438898942756452,10499,10050,39801
384,369,64000,135,30,0.0899447316812266,11218,10706,37362
384,1,68000,155,24,0.0,24,24,16666667
384,17,68000,195,16,0.07293666026871401,521,502,796813
384,33,68000,160,33,0.08911917098445596,965,922,433839
384,49,68000,181,30,0.06618181818181817,1375,1329,300978
384,65,68000,205,26,0.09367455335586673,2071,1973,202737
384,81,68000,147,36,0.07839866555462886,2398,2302,173762
384,97,68000,225,25,0.0875,2720,2598,153965
384,113,68000,162,32,0.08788133221382592,3573,3415,117130
384,129,68000,201,27,0.09542181069958848,3888,3697,108196
384,145,68000,197,36,0.08409037968786397,4293,4110,97324
384,161,68000,237,26,0.0809608540925267,4496,4310,92807
384,177,68000,119,39,0.07379375591296121,5285,5085,78663
384,193,68000,249,35,0.0768564999134499,5777,5552,72046
384,209,68000,187,30,0.0814680710994075,6076,5827,68646
384,225,68000,196,42,0.07976388678674133,6607,6341,63082
384,241,68000,173,30,0.08208744710860366,7090,6796,58858
384,257,68000,110,35,0.0938722294654498,7670,7302,54780
384,273,68000,124,37,0.08402154398563734,8355,7999,50006
384,289,68000,142,30,0.0808460634547591,8510,8160,49020
384,305,68000,211,23,0.08573298429319372,9168,8768,45620
384,321,68000,167,35,0.07758711443309822,9499,9125,43836
384,337,68000,246,19,0.06961835119703495,9983,9634,41520
384,353,68000,217,16,0.08438381937911571,10630,10175,39312
384,369,68000,172,20,0.08128834355828221,11084,10626,37644
384,1,72000,190,31,0.1935483870967742,31,28,14285714
384,17,72000,142,31,0.10124333925399645,563,534,749064
384,33,72000,118,30,0.09163346613545817,1004,958,417537
384,49,72000,143,28,0.07087719298245614,1425,1374,291121
384,65,72000,156,23,0.07391064533921676,1813,1745,229226
384,81,72000,218,42,0.08934294871794872,2496,2382,167926
384,97,72000,230,40,0.08155668358714044,2955,2833,141193
384,113,72000,152,35,0.09028194361127774,3334,3182,125707
384,129,72000,243,42,0.08625692429438143,3791,3626,110314
384,145,72000,201,11,0.07945647167204054,4342,4166,96015
384,161,72000,142,36,0.07392329119348617,4667,4491,89067
384,177,72000,181,34,0.08880090497737557,5304,5065,78973
384,193,72000,127,35,0.08491402233646517,5641,5398,74102
384,209,72000,192,27,0.07964152857625972,5914,5674,70497
384,225,72000,236,39,0.08452417148069322,6578,6296,63532
384,241,72000,176,36,0.0842485750034756,7193,6886,58089
384,257,72000,208,24,0.08516483516483517,7644,7311,54712
384,273,72000,200,32,0.07926233512457255,8188,7857,50910
384,289,72000,253,22,0.09113808106251431,8734,8328,48031
384,305,72000,188,17,0.08267760168458384,9023,8643,46280
384,321,72000,286,35,0.07826359177710529,9583,9204,43459
384,337,72000,313,43,0.09252669039145907,10116,9641,41489
384,353,72000,193,20,0.08316742081447964,11050,10581,37804
384,369,72000,175,41,0.08134831460674158,11125,10666,37502
384,1,76000,181,21,0.0,21,21,19047619
384,17,76000,255,18,0.11132075471698114,530,500,800000
384,33,76000,190,32,0.10172413793103448,1160,1100,363636
384,49,76000,144,28,0.11342281879194631,1490,1403,285103
384,65,76000,238,38,0.07278481012658228,1896,1826,219058
384,81,76000,243,42,0.07346767422334173,2382,2293,174444
384,97,76000,255,50,0.09006622516556291,3020,2883,138744
384,113,76000,246,33,0.07823230815168707,3349,3216,124378
384,129,76000,237,50,0.07357237715803452,3765,3625,110345
384,145,76000,197,34,0.07663286960622495,4241,4076,98135
384,161,76000,148,38,0.08123987034035657,4936,4733,84513
384,177,76000,199,32,0.09217927780802032,5511,5250,76190
384,193,76000,182,34,0.08726968174204355,5970,5707,70089
384,209,76000,166,45,0.08628352490421456,6525,6237,64133
384,225,76000,191,21,0.078297743449947,6603,6342,63072
384,241,76000,145,20,0.0883500557413601,7176,6855,58352
384,257,76000,198,20,0.08808745916059312,7958,7605,52597
384,273,76000,233,30,0.07916053019145802,8148,7821,51144
384,289,76000,302,40,0.0820939220049186,8539,8183,48882
384,305,76000,211,36,0.08289031138114354,9217,8832,45290
384,321,76000,187,29,0.08764940239043825,9538,9114,43889
384,337,76000,191,37,0.08334156216056088,10127,9698,41246
384,353,76000,179,19,0.08007323183657737,10378,9955,40181
384,369,76000,177,38,0.08662600548042075,11313,10818,36975
384,1,80000,287,32,0.0,32,32,12500000
384,17,80000,201,31,0.040152963671128104,523,512,781250
384,33,80000,201,51,0.08406647116324535,1023,980,408163
384,49,80000,250,24,0.07227241139680333,1439,1386,288600
384,65,80000,206,21,0.07541157727031333,1883,1812,220751
384,81,80000,223,22,0.07615062761506276,2390,2297,174140
384,97,80000,267,30,0.09707401032702237,2905,2762,144823
384,113,80000,243,0,0.08190925162050677,3394,3253,122963
384,129,80000,177,33,0.08132450331125828,3775,3620,110497
384,145,80000,221,22,0.10127737226277372,4384,4156,96246
384,161,80000,194,41,0.08780385582564962,4772,4560,87719
384,177,80000,178,14,0.08167519423915104,5277,5056,79114
384,193,80000,242,24,0.08759993196121789,5879,5615,71238
384,209,80000,269,27,0.07830235236058562,6079,5839,68505
384,225,80000,171,43,0.08464042616158626,6758,6468,61843
384,241,80000,203,10,0.07830319888734354,7190,6903,57946
384,257,80000,269,51,0.08457069076823757,7745,7413,53959
384,273,80000,233,27,0.08205502800097395,8214,7874,50800
384,289,80000,245,16,0.0762671150612539,8326,8002,49988
384,305,80000,158,18,0.08046602787456446,9184,8809,45408
384,321,80000,271,36,0.08071466106148187,9515,9126,43831
384,337,80000,169,32,0.08263895696500344,10201,9773,40929
384,353,80000,241,37,0.08647260273972603,10512,10051,39797
384,369,80000,201,33,0.08309846349668151,10999,10534,37972
384,1,84000,190,28,0.14285714285714285,28,26,15384615
384,17,84000,222,43,0.0811965811965812,468,449,890869
384,33,84000,214,35,0.08535402521823472,1031,987,405268
384,49,84000,227,42,0.07373271889400922,1519,1462,273598
384,65,84000,273,22,0.07158119658119658,1872,1804,221729
384,81,84000,318,26,0.08361064891846921,2404,2303,173686
384,97,84000,237,21,0.08260105448154657,2845,2727,146681
384,113,84000,297,35,0.08588588588588589,3330,3185,125589
384,129,84000,259,22,0.08400103385887826,3869,3702,108050
384,145,84000,186,34,0.08630013519603424,4438,4243,94273
384,161,84000,270,39,0.07758081334723671,4795,4606,86843
384,177,84000,124,27,0.07954767011113277,5129,4921,81284
384,193,84000,162,43,0.08420690840350575,5819,5571,71800
384,209,84000,256,37,0.0771594953089615,6182,5942,67317
384,225,84000,249,13,0.08273546023507862,6551,6275,63745
384,241,84000,178,25,0.08763539175692783,7109,6793,58884
384,257,84000,194,19,0.0883096156403777,7519,7179,55718
384,273,84000,226,37,0.07552083333333333,8064,7756,51573
384,289,84000,165,40,0.08218232044198895,8688,8326,48042
384,305,84000,173,32,0.0839837309002968,9097,8707,45940
384,321,84000,252,25,0.08904682274247491,9568,9136,43783
384,337,84000,275,37,0.0841713596138375,9944,9520,42017
384,353,84000,173,38,0.0809138505473584,10505,10069,39726
384,369,84000,288,48,0.08144836835046938,11185,10722,37306
384,1,88000,222,29,0.0,29,29,13793103
384,17,88000,270,45,0.10326086956521739,552,523,764818
384,33,88000,219,19,0.07860262008733625,916,879,455063
384,49,88000,266,35,0.08795962509012256,1387,1324,302115
384,65,88000,299,40,0.07079646017699115,1808,1744,229358
384,81,88000,234,16,0.08326724821570182,2522,2416,165563
384,97,88000,290,26,0.08452774715178243,2721,2604,153610
384,113,88000,277,38,0.0891271056661562,3265,3118,128287
384,129,88000,234,20,0.10471464019851116,4030,3815,104849
384,145,88000,173,27,0.08585738134986882,4193,4009,99776
384,161,88000,225,33,0.08443051201671892,4785,4580,87336
384,177,88000,219,3,0.08140389562660787,5442,5216,76687
384,193,88000,180,39,0.07522047380252464,5783,5562,71917
384,209,88000,257,21,0.08445612882024318,6086,5826,68658
384,225,88000,255,35,0.0823600788715304,6593,6315,63341
384,241,88000,237,23,0.0870400878638111,7284,6962,57455
384,257,88000,224,27,0.07580408381155745,7493,7205,55517
384,273,88000,212,26,0.08240030192477041,7949,7616,52521
384,289,88000,261,41,0.08182844243792325,8860,8493,47098
384,305,88000,139,33,0.07797462817147857,9144,8781,45553
384,321,88000,252,32,0.08348209597815814,9523,9120,43860
384,337,88000,190,25,0.0897472854809263,10407,9935,40262
384,353,88000,236,27,0.07918860932319095,10254,9845,40630
384,369,88000,152,18,0.08925058129136111,11182,10674,37474
384,1,92000,179,39,0.20512820512820512,39,35,11428571
384,17,92000,343,28,0.11428571428571428,455,428,934579
384,33,92000,118,36,0.09404990403071017,1042,993,402820
384,49,92000,299,30,0.08817354793561931,1429,1364,293255
384,65,92000,278,29,0.09428431851489985,2047,1948,205339
384,81,92000,238,28,0.08583162217659138,2435,2329,171748
384,97,92000,269,31,0.07614742698191933,2876,2766,144613
384,113,92000,276,43,0.08663069544364509,3336,3190,125392
384,129,92000,266,33,0.08746803069053709,3910,3738,107009
384,145,92000,329,34,0.08007448789571694,4296,4123,97017
384,161,92000,186,29,0.08720682302771855,4690,4482,89246
384,177,92000,256,36,0.08864844343204252,5268,5030,79523
384,193,92000,273,20,0.08378615249780894,5705,5463,73220
384,209,92000,248,45,0.08454619787408013,6115,5853,68341
384,225,92000,362,31,0.08302212008043666,6962,6668,59988
384,241,92000,188,24,0.08390457910611461,7294,6984,57274
384,257,92000,271,25,0.08247286205983585,7554,7237,55272
384,273,92000,219,55,0.08331332533013205,8330,7978,50138
384,289,92000,235,28,0.0829673590504451,8425,8072,49554
384,305,92000,221,29,0.0868557554353824,9061,8661,46184
384,321,92000,162,19,0.08251821019771072,9610,9205,43455
384,337,92000,243,26,0.08095333869670153,9944,9535,41951
384,353,92000,247,20,0.08332506695764309,10081,9653,41438
384,369,92000,230,31,0.08222763787345429,11079,10619,37668
384,1,96000,256,38,0.10526315789473684,38,36,11111111
384,17,96000,212,20,0.10476190476190476,525,496,806452
384,33,96000,260,36,0.08095238095238096,840,806,496278
384,49,96000,305,19,0.07850330154071901,1363,1309,305577
384,65,96000,332,28,0.0877922077922078,1925,1839,217510
384,81,96000,171,47,0.06976744186046512,2451,2365,169133
384,97,96000,378,20,0.07496513249651325,2868,2758,145033
384,113,96000,291,37,0.08076923076923077,3380,3242,123381
384,129,96000,248,23,0.09297625063163213,3958,3771,106073
384,145,96000,253,32,0.07904761904761905,4200,4032,99206
384,161,96000,253,27,0.07933501683501684,4752,4562,87681
384,177,96000,323,25,0.07882506042015244,5379,5163,77474
384,193,96000,247,29,0.08854883081155433,5816,5554,72020
384,209,96000,203,41,0.08866045615162223,6226,5945,67283
384,225,96000,266,44,0.0818593772840228,6841,6556,61013
384,241,96000,245,27,0.07988708539167255,7085,6800,58824
384,257,96000,357,33,0.08747013538624901,7534,7198,55571
384,273,96000,238,2,0.07576505429417571,8104,7792,51335
384,289,96000,299,41,0.07618510158013544,8860,8517,46965
384,305,96000,278,33,0.08062734702893748,9054,8683,46067
384,321,96000,232,43,0.08194138039710054,9519,9121,43855
384,337,96000,157,14,0.07866411829795796,9941,9543,41916
384,353,96000,263,30,0.08267679164689132,10535,10091,39639
384,369,96000,276,45,0.08119462964654306,10949,10497,38106
384,1,100000,275,19,0.0,19,19,21052632
384,17,100000,254,34,0.07142857142857142,420,405,987654
384,33,100000,212,10,0.07494866529774127,974,937,426894
384,49,100000,196,29,0.10134656272147413,1411,1339,298730
384,65,100000,251,25,0.10168650793650794,2016,1911,209314
384,81,100000,274,46,0.09878000787091697,2541,2413,165769
384,97,100000,206,29,0.08032675289312458,2938,2819,141894
384,113,100000,268,49,0.07838334353949786,3266,3136,127551
384,129,100000,419,21,0.07748976807639836,3665,3519,113669
384,145,100000,329,15,0.08179184310229552,4487,4302,92980
384,161,100000,293,31,0.08490761884990658,4817,4609,86787
384,177,100000,276,31,0.08442286141202839,5354,5123,78079
384,193,100000,200,27,0.07333894028595458,5945,5723,69893
384,209,100000,286,38,0.0842496765847348,6184,5919,67579
384,225,100000,173,39,0.09776617348418914,6894,6550,61069
384,241,100000,207,42,0.08559933407325195,7208,6894,58021
384,257,100000,132,37,0.08848752598752599,7696,7351,54414
384,273,100000,239,22,0.08122454018022467,8101,7770,51480
384,289,100000,307,26,0.08577217469608285,8884,8497,47075
384,305,100000,263,9,0.08875675675675676,9250,8832,45290
384,321,100000,304,41,0.08111493892890699,9579,9183,43559
384,337,100000,295,48,0.0867704280155642,10280,9825,40712
384,353,100000,236,30,0.08171168554555136,10329,9901,40400
384,369,100000,217,26,0.07972935905641401,10937,10496,38110
